ID,Title,Workspace,Category,Directory Path,Slug,Published,Status,Last Modified,Version
2081af41-224a-4969-b204-84cd622e6ce7,Professional Services,Account Hub,Additional Resources,Additional-Resources,professional-services,true,3,,
d7bc6c0e-2f89-4107-b2b6-773a451268c8,Submit a Ticket,Account Hub,Additional Resources,Additional-Resources,submit-a-ticket,true,3,,
32862ad4-8bd6-4ee8-a694-4f901c288f04,Support Guide,Account Hub,Additional Resources,Additional-Resources,support-guide,true,3,,
7ed9ee8a-0a80-4507-a58d-30c5dda20e19,Advanced Deepview Configurations,Developer Hub,Additional Use Cases,Additional-Use-Cases,advanced-deepview-configurations,true,3,,
b72ea5d5-b683-4233-b587-1b39a80b404f,Push Notification Implementation,Developer Hub,Additional Use Cases,Additional-Use-Cases,push-notifications,true,3,,
73ae9cd2-b06a-42fa-a236-7ab8e5a46e2c,SEO + AIO Implementation,Developer Hub,Additional Use Cases,Additional-Use-Cases,seo-aio-implementation,true,3,,
f2811fbb-e689-46f0-bb44-b73e6a6b767a,Ads Overview,Marketer Hub,Ads,Ads,ads-overview,true,3,,
9f9bb1e6-d42c-4bbc-bb50-adbbb2891602,Supported Ad Partners,Developer Hub,Ads,Ads,supported-ad-partners,true,3,,
3867a0dc-ee3e-425c-8d24-02ac536a761b,Ads Advanced Configurations,Marketer Hub,Ads > Additional Configuration,Ads---Additional-Configuration,ads-advanced-configuration,true,3,,
66e62a43-a62c-4f23-86ba-48c5f579d55e,Create Branch Links for Product Feeds,Marketer Hub,Ads > Additional Configuration,Ads---Additional-Configuration,creating-branch-links-for-product-feeds,true,3,,
28c08e76-aa1f-4768-90b9-88243c11ece7,Ads Analytics,Marketer Hub,Ads > Ads Reporting,Ads---Ads-Reporting,paid-ads-analytics,true,3,,
5562576d-5384-42dd-adb2-fc5efc429a55,Ads Reporting FAQ,Marketer Hub,Ads > Ads Reporting,Ads---Ads-Reporting,ads-reporting-faq,true,3,,
99827e76-167d-4f17-80cc-29ae8b0a7311,Cohort Analytics,Marketer Hub,Ads > Ads Reporting,Ads---Ads-Reporting,cohort-analytics,true,3,,
981a230a-c45c-4455-80a0-51bd95f51a6e,Unified Analytics,Marketer Hub,Ads > Ads Reporting,Ads---Ads-Reporting,unified-analytics,true,3,,
d338e1db-3cad-4f9c-9d84-4887e2717d47,Enable Engagement Builder,Marketer Hub,Ads > Engagement Builder,Ads---Engagement-Builder,enable-engagement-builder,true,3,,
ea4dfdbf-c1d8-4f52-b042-0a14ca8b1733,Engagement Builder Overview,Marketer Hub,Ads > Engagement Builder,Ads---Engagement-Builder,engagement-builder,true,3,,
ace2e730-4168-436e-a0d1-f38995807375,Manage Your Engagement Groups,Marketer Hub,Ads > Engagement Builder,Ads---Engagement-Builder,manage-your-engagement-groups,true,3,,
61eb28c7-1f69-41ea-abdf-a5412dc2594e,Fraud Analytics,Marketer Hub,Ads > Fraud,Ads---Fraud,fraud-analytics,true,3,,
84e97d41-830e-4a2a-a21e-f4ce97730f55,Fraud Overview,Marketer Hub,Ads > Fraud,Ads---Fraud,fraud,true,3,,
353b02eb-2495-4dac-ad51-73be216f419c,In-Depth Fraud & Recommendations,Marketer Hub,Ads > Fraud,Ads---Fraud,in-depth-fraud-recommendations,true,3,,
c6c75b2a-0446-43a5-bdd9-ae0605671a2a,Manage Fraud Rules,Marketer Hub,Ads > Fraud,Ads---Fraud,fraud-rules,true,3,,
25763548-e771-4d90-a080-e96b7560c66b,Household Measurement Overview,Marketer Hub,Ads > Household Measurement,Ads---Household-Measurement,household-measurement,true,3,,
9d0e3c40-07ab-4fd5-ba6d-50c5472d7e3e,Supported OTT Partners,Marketer Hub,Ads > Household Measurement,Ads---Household-Measurement,supported-ott-partners,true,3,,
aa95e00c-4ecc-4158-8e4f-f6e52370a751,Ad Partner Integration Guide,Marketer Hub,Ads > Non-SANs,Ads---Non-SANs,ad-partner-integration-guide,true,3,,
8ad1fd61-f277-4431-b289-f3257d1f4559,Add Custom Partners,Marketer Hub,Ads > Non-SANs,Ads---Non-SANs,adding-custom-partners,true,3,,
ac22f930-5e33-42ae-936f-b8fad438d0ce,Ads (non-SANs) FAQ,Marketer Hub,Ads > Non-SANs,Ads---Non-SANs,ads-non-sans-faq,true,3,,
f8f02306-dc7b-47b4-af4d-413dfddc1f6f,3.14 Digital,Marketer Hub,Ads > Non-SANs > Custom Ad Partner Integration Guides,Ads---Non-SANs---Custom-Ad-Partner-Integration-Guides,314-digital,true,3,,
73724190-5248-46f9-904f-72a26e0025f5,AdAction,Marketer Hub,Ads > Non-SANs > Custom Ad Partner Integration Guides,Ads---Non-SANs---Custom-Ad-Partner-Integration-Guides,adaction,true,3,,
8ea7711e-1dac-4162-aa3e-e7c0885c413e,AdColony - Standard,Marketer Hub,Ads > Non-SANs > Custom Ad Partner Integration Guides,Ads---Non-SANs---Custom-Ad-Partner-Integration-Guides,adcolony,true,3,,
12ec0119-6aa7-47f2-8f37-c85d9b1eb151,AdColony Performance Media,Marketer Hub,Ads > Non-SANs > Custom Ad Partner Integration Guides,Ads---Non-SANs---Custom-Ad-Partner-Integration-Guides,adcolony-performance-media,true,3,,
ab01fbcf-4ca1-45bb-b3fd-9d77ac2976f8,Adikteev,Marketer Hub,Ads > Non-SANs > Custom Ad Partner Integration Guides,Ads---Non-SANs---Custom-Ad-Partner-Integration-Guides,adikteev,true,3,,
53703e20-635a-4ce0-9298-2eb0850299d9,Admobs,Marketer Hub,Ads > Non-SANs > Custom Ad Partner Integration Guides,Ads---Non-SANs---Custom-Ad-Partner-Integration-Guides,admobs,true,3,,
143cf7da-f7ac-4ce1-a3f8-c8aed9360be0,Adperio,Marketer Hub,Ads > Non-SANs > Custom Ad Partner Integration Guides,Ads---Non-SANs---Custom-Ad-Partner-Integration-Guides,adperio,true,3,,
a5745325-e8d2-4368-b7ec-5c463a440866,Adtiming,Marketer Hub,Ads > Non-SANs > Custom Ad Partner Integration Guides,Ads---Non-SANs---Custom-Ad-Partner-Integration-Guides,adtiming,true,3,,
294929c0-2d5f-4eb8-a43b-205cbd247bbc,Appier,Marketer Hub,Ads > Non-SANs > Custom Ad Partner Integration Guides,Ads---Non-SANs---Custom-Ad-Partner-Integration-Guides,appier,true,3,,
7ba34a04-dd66-4ee7-96fa-223dc65955a4,Applabs Media,Marketer Hub,Ads > Non-SANs > Custom Ad Partner Integration Guides,Ads---Non-SANs---Custom-Ad-Partner-Integration-Guides,applabs-media,true,3,,
1c957a3a-2d02-4624-9893-535320007259,AppLovin,Marketer Hub,Ads > Non-SANs > Custom Ad Partner Integration Guides,Ads---Non-SANs---Custom-Ad-Partner-Integration-Guides,applovin,true,3,,
cd382637-827f-45e0-81ca-ffc95189e517,Appmontize Media,Marketer Hub,Ads > Non-SANs > Custom Ad Partner Integration Guides,Ads---Non-SANs---Custom-Ad-Partner-Integration-Guides,appmontize-media,true,3,,
70e42d9f-86a7-4762-af80-fc91dec27896,AppNext,Marketer Hub,Ads > Non-SANs > Custom Ad Partner Integration Guides,Ads---Non-SANs---Custom-Ad-Partner-Integration-Guides,appnext,true,3,,
efb60256-5aa2-4d9a-9560-bcce0e509823,Aragon Premium,Marketer Hub,Ads > Non-SANs > Custom Ad Partner Integration Guides,Ads---Non-SANs---Custom-Ad-Partner-Integration-Guides,aragon-premium,true,3,,
b681f18b-d9d9-4687-a0c0-65b5f82dffc2,Aura from Unity,Marketer Hub,Ads > Non-SANs > Custom Ad Partner Integration Guides,Ads---Non-SANs---Custom-Ad-Partner-Integration-Guides,aura,true,3,,
30479232-1145-4351-8a0f-111a44fe9e3d,Awin,Marketer Hub,Ads > Non-SANs > Custom Ad Partner Integration Guides,Ads---Non-SANs---Custom-Ad-Partner-Integration-Guides,awin,true,3,,
92914378-eae8-4bbc-bbeb-37d963b6146d,Bing Ads,Marketer Hub,Ads > Non-SANs > Custom Ad Partner Integration Guides,Ads---Non-SANs---Custom-Ad-Partner-Integration-Guides,bing-ads,true,3,,
60880bf1-1dff-4a3f-a65b-4fea23e63445,Bold Screen Media,Marketer Hub,Ads > Non-SANs > Custom Ad Partner Integration Guides,Ads---Non-SANs---Custom-Ad-Partner-Integration-Guides,bold-screen-media,true,3,,
b9163e4c-07ce-4d0d-8c82-17ed7a0d6529,BuzzScreen,Marketer Hub,Ads > Non-SANs > Custom Ad Partner Integration Guides,Ads---Non-SANs---Custom-Ad-Partner-Integration-Guides,buzzscreen,true,3,,
8a642024-44d1-4a86-b29f-384f71ae50a6,CashSlide,Marketer Hub,Ads > Non-SANs > Custom Ad Partner Integration Guides,Ads---Non-SANs---Custom-Ad-Partner-Integration-Guides,cashslide,true,3,,
dae0c693-b10b-4203-934a-61760938a5dd,Clinch,Marketer Hub,Ads > Non-SANs > Custom Ad Partner Integration Guides,Ads---Non-SANs---Custom-Ad-Partner-Integration-Guides,clinch,true,3,,
092c0347-50ce-488e-9116-86f896128091,Collectcent Digital Media,Marketer Hub,Ads > Non-SANs > Custom Ad Partner Integration Guides,Ads---Non-SANs---Custom-Ad-Partner-Integration-Guides,collectcent-digital-media,true,3,,
a77b3177-ccd7-4303-9f1d-9ea1a5187d99,Criteo,Marketer Hub,Ads > Non-SANs > Custom Ad Partner Integration Guides,Ads---Non-SANs---Custom-Ad-Partner-Integration-Guides,criteo,true,3,,
bccc19d4-a14a-4e34-a31d-12cdff9884de,Glispa,Marketer Hub,Ads > Non-SANs > Custom Ad Partner Integration Guides,Ads---Non-SANs---Custom-Ad-Partner-Integration-Guides,glispa,true,3,,
d11c4269-972e-4a43-a11e-ae4f02b9f404,Globale Media,Marketer Hub,Ads > Non-SANs > Custom Ad Partner Integration Guides,Ads---Non-SANs---Custom-Ad-Partner-Integration-Guides,globale-media,true,3,,
0fa8229a-9d59-4c6a-af36-24c31ec20bd4,Hopbug,Marketer Hub,Ads > Non-SANs > Custom Ad Partner Integration Guides,Ads---Non-SANs---Custom-Ad-Partner-Integration-Guides,hopbug,true,3,,
c149618e-f231-4efa-a2c0-533c2e974436,IconPeak,Marketer Hub,Ads > Non-SANs > Custom Ad Partner Integration Guides,Ads---Non-SANs---Custom-Ad-Partner-Integration-Guides,iconpeak,true,3,,
10fbe95f-bd0f-48ab-8326-9d03324572a9,Impact,Marketer Hub,Ads > Non-SANs > Custom Ad Partner Integration Guides,Ads---Non-SANs---Custom-Ad-Partner-Integration-Guides,impact,true,3,,
7f6984ce-b6dd-44e7-8486-4d9a6cf267b2,InMobi,Marketer Hub,Ads > Non-SANs > Custom Ad Partner Integration Guides,Ads---Non-SANs---Custom-Ad-Partner-Integration-Guides,inmobi,true,3,,
e56f7066-1071-4894-8e21-b77b21138844,InMobi DSP,Marketer Hub,Ads > Non-SANs > Custom Ad Partner Integration Guides,Ads---Non-SANs---Custom-Ad-Partner-Integration-Guides,inmobi-dsp,true,3,,
835921bf-ea8c-474f-afad-0ccc88e1d723,ironSource,Marketer Hub,Ads > Non-SANs > Custom Ad Partner Integration Guides,Ads---Non-SANs---Custom-Ad-Partner-Integration-Guides,ironsource,true,3,,
b45ee59d-1930-4515-bcc3-9b32312fec06,Jampp,Marketer Hub,Ads > Non-SANs > Custom Ad Partner Integration Guides,Ads---Non-SANs---Custom-Ad-Partner-Integration-Guides,jampp,true,3,,
36b0faa1-087a-48b2-b837-4f4527ed8637,Kakao,Marketer Hub,Ads > Non-SANs > Custom Ad Partner Integration Guides,Ads---Non-SANs---Custom-Ad-Partner-Integration-Guides,kakao,true,3,,
f9d2b3e2-4525-430e-ab95-daf1d4e12ef7,Koneo Mobile Inc.,Marketer Hub,Ads > Non-SANs > Custom Ad Partner Integration Guides,Ads---Non-SANs---Custom-Ad-Partner-Integration-Guides,koneo-mobile-inc,true,3,,
3eddf54d-30d0-4d1f-9bd9-4c4bc7353e7f,Liftoff,Marketer Hub,Ads > Non-SANs > Custom Ad Partner Integration Guides,Ads---Non-SANs---Custom-Ad-Partner-Integration-Guides,liftoff,true,3,,
e1941590-82e5-46c9-844f-2f664535650a,MAAS (Powered by Affle),Marketer Hub,Ads > Non-SANs > Custom Ad Partner Integration Guides,Ads---Non-SANs---Custom-Ad-Partner-Integration-Guides,maas,true,3,,
41449be9-1b27-4d2b-8418-f522259f76b3,Manage,Marketer Hub,Ads > Non-SANs > Custom Ad Partner Integration Guides,Ads---Non-SANs---Custom-Ad-Partner-Integration-Guides,manage,true,3,,
4ea9d3a9-4d10-41db-98aa-61a8f46b0821,MediaMath,Marketer Hub,Ads > Non-SANs > Custom Ad Partner Integration Guides,Ads---Non-SANs---Custom-Ad-Partner-Integration-Guides,mediamath,true,3,,
0e8b75b5-de1e-4ed9-be4c-7e8488272abe,Mintegral,Marketer Hub,Ads > Non-SANs > Custom Ad Partner Integration Guides,Ads---Non-SANs---Custom-Ad-Partner-Integration-Guides,mintegral,true,3,,
82683eae-1fa9-4446-8b6d-3d6ed0cbb331,Mitraksh Media,Marketer Hub,Ads > Non-SANs > Custom Ad Partner Integration Guides,Ads---Non-SANs---Custom-Ad-Partner-Integration-Guides,mitraksh-media,true,3,,
eb5f3b25-00cd-4740-9b40-9bb47d3ca4bb,Mobupps,Marketer Hub,Ads > Non-SANs > Custom Ad Partner Integration Guides,Ads---Non-SANs---Custom-Ad-Partner-Integration-Guides,mobupps,true,3,,
b8beaa1d-6ebe-4c5f-8cca-ea93816ac7d8,Mobusi,Marketer Hub,Ads > Non-SANs > Custom Ad Partner Integration Guides,Ads---Non-SANs---Custom-Ad-Partner-Integration-Guides,mobusi,true,3,,
69d3a908-2fe2-4aea-a99f-12ca8e546f81,MOLOCO,Marketer Hub,Ads > Non-SANs > Custom Ad Partner Integration Guides,Ads---Non-SANs---Custom-Ad-Partner-Integration-Guides,moloco,true,3,,
edb88c2e-3a7c-4934-bcb9-153ec173454a,Nativex,Marketer Hub,Ads > Non-SANs > Custom Ad Partner Integration Guides,Ads---Non-SANs---Custom-Ad-Partner-Integration-Guides,nativex,true,3,,
a2d3bc74-ca7a-4967-a4c8-379e46782f45,Partnerize,Marketer Hub,Ads > Non-SANs > Custom Ad Partner Integration Guides,Ads---Non-SANs---Custom-Ad-Partner-Integration-Guides,partnerize,true,3,,
27a2fb05-0110-4060-b44c-28db5d2ab004,Perform[cb],Marketer Hub,Ads > Non-SANs > Custom Ad Partner Integration Guides,Ads---Non-SANs---Custom-Ad-Partner-Integration-Guides,performcb,true,3,,
90a0de4f-e244-4aa1-8b3d-b37eb93b566d,Pinterest,Marketer Hub,Ads > Non-SANs > Custom Ad Partner Integration Guides,Ads---Non-SANs---Custom-Ad-Partner-Integration-Guides,pinterest,true,3,,
4d90a4fb-7886-4b94-85fc-b14d8aa1b075,Rakuten Marketing,Marketer Hub,Ads > Non-SANs > Custom Ad Partner Integration Guides,Ads---Non-SANs---Custom-Ad-Partner-Integration-Guides,rakuten-marketing,true,3,,
c77e4b9a-9697-4645-9838-5681d7b10074,Reddit,Marketer Hub,Ads > Non-SANs > Custom Ad Partner Integration Guides,Ads---Non-SANs---Custom-Ad-Partner-Integration-Guides,reddit,true,3,,
9bc8a12c-641b-43a3-b8f5-c8475828f531,Remerge,Marketer Hub,Ads > Non-SANs > Custom Ad Partner Integration Guides,Ads---Non-SANs---Custom-Ad-Partner-Integration-Guides,remerge,true,3,,
797f4cab-040d-48e8-8668-90e561868968,RTB House,Marketer Hub,Ads > Non-SANs > Custom Ad Partner Integration Guides,Ads---Non-SANs---Custom-Ad-Partner-Integration-Guides,rtb-house,true,3,,
4d8a5b99-65a4-4b65-a3a7-0d8d43303f61,Salesforce - Open App Default,Marketer Hub,Ads > Non-SANs > Custom Ad Partner Integration Guides,Ads---Non-SANs---Custom-Ad-Partner-Integration-Guides,salesforce-open-app-default,true,3,,
aa1ad631-978b-437a-ad6b-da9a034e58bb,Salesforce - Open Web Default,Marketer Hub,Ads > Non-SANs > Custom Ad Partner Integration Guides,Ads---Non-SANs---Custom-Ad-Partner-Integration-Guides,salesforce-open-web-default,true,3,,
ed9c4d2e-2504-4548-92bf-49c2ef448ce2,Shopback,Marketer Hub,Ads > Non-SANs > Custom Ad Partner Integration Guides,Ads---Non-SANs---Custom-Ad-Partner-Integration-Guides,shopback,true,3,,
72116bd7-7a37-47e1-a313-3bf86c2e983a,SingleTap by Digital Turbine,Marketer Hub,Ads > Non-SANs > Custom Ad Partner Integration Guides,Ads---Non-SANs---Custom-Ad-Partner-Integration-Guides,singletap-configuration,true,3,,
484db17e-837d-49ec-b6e1-3a021a03546b,Stitch,Marketer Hub,Ads > Non-SANs > Custom Ad Partner Integration Guides,Ads---Non-SANs---Custom-Ad-Partner-Integration-Guides,stitch,true,3,,
4e838dcf-280a-4bda-a7d8-a3756bb60cfd,Tapjoy,Marketer Hub,Ads > Non-SANs > Custom Ad Partner Integration Guides,Ads---Non-SANs---Custom-Ad-Partner-Integration-Guides,tapjoy,true,3,,
7c327746-bc61-49c5-92ef-e79972e177e7,The Mediafinity,Marketer Hub,Ads > Non-SANs > Custom Ad Partner Integration Guides,Ads---Non-SANs---Custom-Ad-Partner-Integration-Guides,the-mediafinity,true,3,,
677278a0-da90-4d96-83dc-3d6d8955147f,The Trade Desk,Marketer Hub,Ads > Non-SANs > Custom Ad Partner Integration Guides,Ads---Non-SANs---Custom-Ad-Partner-Integration-Guides,the-trade-desk,true,3,,
ecafcb73-9804-4113-9c3e-0d6c51f8c006,Unity Ads,Marketer Hub,Ads > Non-SANs > Custom Ad Partner Integration Guides,Ads---Non-SANs---Custom-Ad-Partner-Integration-Guides,unity-ads,true,3,,
d248a34b-86cf-40df-91d6-6d2fd23fa25d,Vungle,Marketer Hub,Ads > Non-SANs > Custom Ad Partner Integration Guides,Ads---Non-SANs---Custom-Ad-Partner-Integration-Guides,vungle,true,3,,
9bc7889d-c147-4e8d-af8c-fdf63e33c457,Wider Planet,Marketer Hub,Ads > Non-SANs > Custom Ad Partner Integration Guides,Ads---Non-SANs---Custom-Ad-Partner-Integration-Guides,wider-planet,true,3,,
a7f67578-7b15-4f00-9660-39a9543f0e0c,Xapads Media,Marketer Hub,Ads > Non-SANs > Custom Ad Partner Integration Guides,Ads---Non-SANs---Custom-Ad-Partner-Integration-Guides,xapads-media,true,3,,
dc885a07-28e7-4171-9e06-d5fd19a56e75,Yeahmobi,Marketer Hub,Ads > Non-SANs > Custom Ad Partner Integration Guides,Ads---Non-SANs---Custom-Ad-Partner-Integration-Guides,yeahmobi,true,3,,
63936857-aaac-4be2-b7b0-99bd29191b79,YouAppi,Marketer Hub,Ads > Non-SANs > Custom Ad Partner Integration Guides,Ads---Non-SANs---Custom-Ad-Partner-Integration-Guides,youappi,true,3,,
26ec69d7-b565-460d-afb5-ac7f3a6311a3,Criteo Advanced Configuration,Developer Hub,Ads > Non-SANs > Custom Ad Partner Technical Guides,Ads---Non-SANs---Custom-Ad-Partner-Technical-Guides,criteo-advanced,true,3,,
7cf108a9-619c-4034-b84a-ce702be21ae1,SingleTap Advanced Configuration,Developer Hub,Ads > Non-SANs > Custom Ad Partner Technical Guides,Ads---Non-SANs---Custom-Ad-Partner-Technical-Guides,singletap-advanced,true,3,,
4594c448-4a6a-44b6-85b3-c92e3c43e4e7,Basic Postback Configuration,Marketer Hub,Ads > Non-SANs > Postbacks,Ads---Non-SANs---Postbacks,basic-postback-configuration,true,3,,
05fdf5f4-b1c7-44de-a9d2-a1a6b669a474,Multiple Goal ID Support,Marketer Hub,Ads > Non-SANs > Postbacks,Ads---Non-SANs---Postbacks,multiple-goal-id-support,true,3,,
77441937-c310-4939-a46f-beefc411e90c,Postbacks Overview,Marketer Hub,Ads > Non-SANs > Postbacks,Ads---Non-SANs---Postbacks,postbacks,true,3,,
5d57c5c6-1bdc-4066-8e58-2b3635e6a0a3,Test Postbacks,Marketer Hub,Ads > Non-SANs > Postbacks,Ads---Non-SANs---Postbacks,testing-postbacks,true,3,,
5baf223a-e191-49c6-a04d-ff97b2d79bf6,Advanced Postback Configuration,Developer Hub,Ads > Postbacks,Ads---Postbacks,advanced-postback-configuration,true,3,,
50a86e0d-6d6f-42b7-bd9c-ffa871014eeb,Conversion Value Mapping Partner API,Developer Hub,Ads > Postbacks,Ads---Postbacks,conversion-value-mapping-partner-api,true,3,,
6fd15912-02e9-46f0-818d-f87ea54ea124,Conversion Value Mapping Partner API Spec,Developer Hub,Ads > Postbacks,Ads---Postbacks,conversion-value-mapping-partner-api-spec,true,3,,
c264db13-739b-4eae-b037-e67192c09bb4,Postback Macros and Functions,Developer Hub,Ads > Postbacks,Ads---Postbacks,postback-macros-functions,true,3,,
18a2d68f-ce6c-4874-971e-16a51e0cddbe,SKAN Postback API Spec,Developer Hub,Ads > Postbacks,Ads---Postbacks,skan-postback-api-spec,true,3,,
7247ae98-d62c-45b0-b8b0-ba6e01f7d775,Reporting and Analytics,Marketer Hub,Ads > ROI Hub,Ads---ROI-Hub,cost-data-reporting-analytics,true,3,,
dd8f970d-3e0c-43c4-9d95-d2eb5b593600,ROI Hub Overview,Marketer Hub,Ads > ROI Hub,Ads---ROI-Hub,roi-hub,true,3,,
0bda60a1-7774-4da0-9d08-a923591b8b17,Templates for Cost Data,Marketer Hub,Ads > ROI Hub,Ads---ROI-Hub,templates-for-cost-data,true,3,,
0f77f140-3684-4e4c-9cc4-39749a1222f3,Via API Connection,Marketer Hub,Ads > ROI Hub > Share Cost Data With Branch,Ads---ROI-Hub---Share-Cost-Data-With-Branch,cost-data-via-api-connection,true,3,,
7950f3ad-6921-4bd2-9470-b4e776a69297,Via Email Import,Marketer Hub,Ads > ROI Hub > Share Cost Data With Branch,Ads---ROI-Hub---Share-Cost-Data-With-Branch,cost-data-via-email-import,true,3,,
668617aa-c9d6-4ded-9abd-239be43365e0,Via File Upload,Marketer Hub,Ads > ROI Hub > Share Cost Data With Branch,Ads---ROI-Hub---Share-Cost-Data-With-Branch,cost-data-via-file-upload,true,3,,
6a86df2c-02d8-4f52-839e-a1b53a92452d,Ads SANs FAQ,Marketer Hub,Ads > SANs,Ads---SANs,ads-sans-faq,true,3,,
30558cb8-6a87-4d9e-ad75-c181fdeb3162,Common Sources of SAN Reporting Discrepancies,Marketer Hub,Ads > SANs,Ads---SANs,common-sources-of-san-reporting-discrepancies,true,3,,
1018f881-541c-4902-a781-de628258a49b,Configure Events for Self-Attributing Networks,Marketer Hub,Ads > SANs,Ads---SANs,configuring-events-for-self-attributing-networks,true,3,,
9bb6c416-b7eb-4afc-a2d1-4f8ee88b1d9c,DMA Compliance for SANs,Marketer Hub,Ads > SANs,Ads---SANs,dma-compliance-for-sans,true,3,,
dec98c40-03d9-41ec-8596-2079edfa86a8,SAN Web Tracking,Marketer Hub,Ads > SANs,Ads---SANs,san-web-tracking,true,3,,
2ef21c7f-df6f-49c2-910a-293582ca860a,Self-Attributing Networks (SANs) Overview,Developer Hub,Ads > SANs,Ads---SANs,self-attributing-networks-sans,true,3,,
1a6005f2-22aa-475b-adc6-7b0d6e6a5fc6,What is a Self Attributing Network?,Marketer Hub,Ads > SANs,Ads---SANs,what-is-a-self-attributing-network,true,3,,
3a57b731-7aa6-4391-b898-851e8200ea2d,Configure Apple Ads Token,Developer Hub,Ads > SANs > Apple Ads,Ads---SANs---Apple-Ads,configure-apple-ads-token,true,3,,
56299ae6-1cd1-4b13-97e5-491bbae24730,Meta AEM Technical Setup,Developer Hub,Ads > SANs > Facebook Ads,Ads---SANs---Facebook-Ads,meta-aem-technical-setup,true,3,,
549cdd16-8f07-447d-9104-6e53c81b0b96,Meta Install Referrer,Developer Hub,Ads > SANs > Facebook Ads,Ads---SANs---Facebook-Ads,facebook-install-referrer,true,3,,
ebc62402-9b26-46cd-88f2-5350cfea3f3a,Pass Hashed Information for Facebook Advanced Matching,Developer Hub,Ads > SANs > Facebook Ads,Ads---SANs---Facebook-Ads,pass-hashed-information-for-facebook-advanced-matching,true,3,,
e01e19c2-1a2c-4842-8499-81bde367ed33,Google ICM,Developer Hub,Ads > SANs > Google Ads,Ads---SANs---Google-Ads,google-icm,true,3,,
5293e13f-11f1-48e3-9b3b-c55c61f3b4b4,Amazon,Marketer Hub,Ads > SANs > SAN Integration Guides,Ads---SANs---SAN-Integration-Guides,amazon-san,true,3,,
7ca4f19a-dfec-4ec6-a2e5-41abb7c696ba,LG Ad Solutions,Marketer Hub,Ads > SANs > SAN Integration Guides,Ads---SANs---SAN-Integration-Guides,lg-ad-solutions,true,3,,
f9ce195d-eed0-431e-b579-787befcf2654,Roku,Marketer Hub,Ads > SANs > SAN Integration Guides,Ads---SANs---SAN-Integration-Guides,roku,true,3,,
143e17c8-1e58-4d73-8e8c-5c2e2ffdc496,Twitter Ads,Marketer Hub,Ads > SANs > SAN Integration Guides,Ads---SANs---SAN-Integration-Guides,twitter-ads,true,3,,
6e822dc4-7938-4d3c-804d-3ca2ab07905a,Yahoo Ads,Marketer Hub,Ads > SANs > SAN Integration Guides,Ads---SANs---SAN-Integration-Guides,yahoo-ads,true,3,,
25fdb550-3f53-4bb9-bfbf-d418e9f67056,Apple Ads Data & Reporting,Marketer Hub,Ads > SANs > SAN Integration Guides > Apple Ads,Ads---SANs---SAN-Integration-Guides---Apple-Ads,apple-ads-data-reporting,true,3,,
1396d5d2-9062-4f97-a632-84cf1ec3af21,Apple Ads Overview,Marketer Hub,Ads > SANs > SAN Integration Guides > Apple Ads,Ads---SANs---SAN-Integration-Guides---Apple-Ads,apple-ads,true,3,,
1b192224-9f81-4b96-97e5-c61d5c4eb4b7,Enable Apple Ads,Marketer Hub,Ads > SANs > SAN Integration Guides > Apple Ads,Ads---SANs---SAN-Integration-Guides---Apple-Ads,enable-apple-ads,true,3,,
84ad7757-b43a-4748-9157-636e3c3d469b,Enable App Aggregated Event Measurement Support,Marketer Hub,Ads > SANs > SAN Integration Guides > Facebook Ads,Ads---SANs---SAN-Integration-Guides---Facebook-Ads,enable-app-aggregated-event-measurement-support,true,3,,
905b6145-58c7-4d2d-8beb-75683838431e,Facebook Ads Deferred Deep Linking,Marketer Hub,Ads > SANs > SAN Integration Guides > Facebook Ads,Ads---SANs---SAN-Integration-Guides---Facebook-Ads,facebook-ads-deferred-deep-linking,true,3,,
2c4f3f52-bd97-40c2-bb17-d909de50763e,Facebook Ads FAQ,Marketer Hub,Ads > SANs > SAN Integration Guides > Facebook Ads,Ads---SANs---SAN-Integration-Guides---Facebook-Ads,facebook-ads-faq,true,3,,
6a10be84-4daf-41c6-8a4a-7af050758bfc,Facebook Ads Overview,Marketer Hub,Ads > SANs > SAN Integration Guides > Facebook Ads,Ads---SANs---SAN-Integration-Guides---Facebook-Ads,facebook-ads-overview,true,3,,
39d77759-9569-404a-b6af-951d96686d9a,Facebook App Install Ads,Marketer Hub,Ads > SANs > SAN Integration Guides > Facebook Ads,Ads---SANs---SAN-Integration-Guides---Facebook-Ads,facebook-app-install-ads,true,3,,
0e86c61a-c563-4dad-b315-06204420176a,Facebook Business Manager,Marketer Hub,Ads > SANs > SAN Integration Guides > Facebook Ads,Ads---SANs---SAN-Integration-Guides---Facebook-Ads,facebook-business-manager,true,3,,
6894bee5-7051-4d75-9a71-fce9dec8ce24,Facebook Platform Ads,Marketer Hub,Ads > SANs > SAN Integration Guides > Facebook Ads,Ads---SANs---SAN-Integration-Guides---Facebook-Ads,facebook-platform-ads,true,3,,
7cfc2076-9fb8-41f4-a0a5-400e64eaf7fb,Facebook SKAdNetwork,Marketer Hub,Ads > SANs > SAN Integration Guides > Facebook Ads,Ads---SANs---SAN-Integration-Guides---Facebook-Ads,facebook-skadnetwork,true,3,,
b2a2edad-a319-49d4-9237-15b93e00f0a3,Facebook Traffic and Conversion Ads,Marketer Hub,Ads > SANs > SAN Integration Guides > Facebook Ads,Ads---SANs---SAN-Integration-Guides---Facebook-Ads,facebook-traffic-and-conversion-ads,true,3,,
efd00b7e-8cba-4250-8c5c-0fcfc88f6b3a,Meta Advanced Mobile Measurement,Marketer Hub,Ads > SANs > SAN Integration Guides > Facebook Ads,Ads---SANs---SAN-Integration-Guides---Facebook-Ads,meta-advanced-mobile-measurement,true,3,,
120a85bc-962b-4fec-a6c0-2a5f77f7b94e,Meta Aggregated Event Measurement,Marketer Hub,Ads > SANs > SAN Integration Guides > Facebook Ads,Ads---SANs---SAN-Integration-Guides---Facebook-Ads,meta-aggregated-event-measurement,true,3,,
d8a320a1-c299-4007-bc69-e6c155b2a616,Enable Google App Campaigns,Marketer Hub,Ads > SANs > SAN Integration Guides > Google Ads,Ads---SANs---SAN-Integration-Guides---Google-Ads,enable-google-app-campaigns,true,3,,
6df91058-0ea6-44c7-b6ae-8a7f8f1a1b03,Enable Google Web-Based Campaigns,Marketer Hub,Ads > SANs > SAN Integration Guides > Google Ads,Ads---SANs---SAN-Integration-Guides---Google-Ads,enable-google-web-based-campaigns,true,3,,
b4325a1e-479e-44c8-ad22-43008c5e9847,Google Ads Data & Reporting,Marketer Hub,Ads > SANs > SAN Integration Guides > Google Ads,Ads---SANs---SAN-Integration-Guides---Google-Ads,google-ads-data-reporting,true,3,,
cd3a8605-32b3-400c-8695-c6a62129726d,Google Ads Discrepancies,Marketer Hub,Ads > SANs > SAN Integration Guides > Google Ads,Ads---SANs---SAN-Integration-Guides---Google-Ads,google-ads-discrepancies,true,3,,
4a6ea7fe-89bb-4c77-8d39-80c1f2d1672d,Google Ads FAQ,Marketer Hub,Ads > SANs > SAN Integration Guides > Google Ads,Ads---SANs---SAN-Integration-Guides---Google-Ads,google-ads-faq,true,3,,
087945a7-86a1-45de-8e11-69be259e5958,Google Ads Overview,Marketer Hub,Ads > SANs > SAN Integration Guides > Google Ads,Ads---SANs---SAN-Integration-Guides---Google-Ads,google-ads,true,3,,
e717a4b2-bb26-4d36-ab34-ac02ee138915,Google SKAdNetwork,Marketer Hub,Ads > SANs > SAN Integration Guides > Google Ads,Ads---SANs---SAN-Integration-Guides---Google-Ads,google-skadnetwork,true,3,,
a97b4b27-e1c3-442e-b150-08abf3e8cfdf,Doubleclick (Legacy),Marketer Hub,Ads > SANs > SAN Integration Guides > Google Marketing Platform,Ads---SANs---SAN-Integration-Guides---Google-Marketing-Platform,doubleclick-legacy,true,3,,
02990ce6-416b-4158-ae58-a6549f995c8d,Enable Google Marketing Platform,Marketer Hub,Ads > SANs > SAN Integration Guides > Google Marketing Platform,Ads---SANs---SAN-Integration-Guides---Google-Marketing-Platform,enable-google-marketing-platform,true,3,,
a9b19db0-4627-421f-bd01-b58876c0a63f,Google Marketing Platform Overview,Marketer Hub,Ads > SANs > SAN Integration Guides > Google Marketing Platform,Ads---SANs---SAN-Integration-Guides---Google-Marketing-Platform,google-marketing-platform,true,3,,
33485e28-f373-429e-962b-b2ab5d457e18,Snap Advanced Conversions,Marketer Hub,Ads > SANs > SAN Integration Guides > Snap,Ads---SANs---SAN-Integration-Guides---Snap,snap-advanced-conversions,true,3,,
c92509aa-fec6-4a7f-af82-bbe89bfb286c,Snap Overview,Marketer Hub,Ads > SANs > SAN Integration Guides > Snap,Ads---SANs---SAN-Integration-Guides---Snap,snap,true,3,,
edded368-67ee-4591-8a1f-0093df825f95,Enable TikTok Advanced SAN,Marketer Hub,Ads > SANs > SAN Integration Guides > TikTok For Business,Ads---SANs---SAN-Integration-Guides---TikTok-For-Business,enable-tiktok-advanced-san,true,3,,
633eb4aa-6284-4e78-9c86-956a3b1414c1,Enable TikTok For Business,Marketer Hub,Ads > SANs > SAN Integration Guides > TikTok For Business,Ads---SANs---SAN-Integration-Guides---TikTok-For-Business,enable-tiktok-for-business,true,3,,
6d1cdae8-a16a-4cb6-9aa4-75b26b0ae731,TikTok Ads Legacy to SAN Migration,Marketer Hub,Ads > SANs > SAN Integration Guides > TikTok For Business,Ads---SANs---SAN-Integration-Guides---TikTok-For-Business,tiktok-legacy-to-san-migration,true,3,,
298f3d1f-0f90-4b79-8927-f2a8815f8f77,TikTok Data & Reporting,Marketer Hub,Ads > SANs > SAN Integration Guides > TikTok For Business,Ads---SANs---SAN-Integration-Guides---TikTok-For-Business,tiktok-data-reporting,true,3,,
4494b2b0-4647-4a57-b4a6-e5d9b442e452,TikTok For Business Overview,Marketer Hub,Ads > SANs > SAN Integration Guides > TikTok For Business,Ads---SANs---SAN-Integration-Guides---TikTok-For-Business,tiktok-for-business,true,3,,
3d9e645d-8d9b-4b03-9210-aca43a635e26,TikTok SKAdNetwork,Marketer Hub,Ads > SANs > SAN Integration Guides > TikTok For Business,Ads---SANs---SAN-Integration-Guides---TikTok-For-Business,tiktok-skadnetwork,true,3,,
4a97a00d-056c-4b01-86ae-96cde49ba8ce,Pass Hashed Data to Snap,Developer Hub,Ads > SANs > Snap,Ads---SANs---Snap,pass-hashed-data-to-snap,true,3,,
012d4656-fe9e-467b-8efa-32e88fe58b4b,Ad Partner Integration Testing,Marketer Hub,Ads > Testing,Ads---Testing,ad-partner-integration-testing,true,3,,
1ac9a528-1a64-4b37-b1e3-4f866fa5e35b,Test Ads Campaign Setup,Marketer Hub,Ads > Testing,Ads---Testing,testing-ads-campaign-setup,true,3,,
0baaac5f-fa74-434f-b636-44064bd56ce9,Add Additional Apps,Account Hub,App Settings,App-Settings,add-additional-apps,true,3,,
9c91ccee-44ec-4b68-b180-4fb236344e24,Attribution Windows,Account Hub,App Settings,App-Settings,attribution-windows,true,3,,
a8c67aec-55b3-4d45-a139-73c0dba3b7ac,Advertising Identifiers for Attribution,Marketer Hub,Attribution Methodology,Attribution-Methodology,advertising-identifiers-for-attribution,true,3,,
96a820de-8a75-4be7-9401-7c67f31e4538,Branch Attribution Explained,Marketer Hub,Attribution Methodology,Attribution-Methodology,branch-attribution-explained,true,3,,
fef8d91c-c312-4769-a54b-81656d896afc,Branch Attribution Logic & Settings,Marketer Hub,Attribution Methodology,Attribution-Methodology,branch-attribution-logic-settings,true,3,,
ca240ca9-118e-4718-9307-31acfc71a64f,Branch Methodology Overview,Marketer Hub,Attribution Methodology,Attribution-Methodology,branch-methodology-overview,true,3,,
6c01e8c4-78db-4355-a662-d120ca44d602,Compare Installs to Apple iTunes and Google Play,Marketer Hub,Attribution Methodology,Attribution-Methodology,comparing-installs-to-apple-itunes-and-google-play,true,3,,
c77605f7-1c42-4d8f-9630-69e7da7aa29a,Multi-Touch Attribution,Marketer Hub,Attribution Methodology,Attribution-Methodology,multi-touch-attribution,true,3,,
c34d0ed7-a942-451a-bff3-cc4fe4c02502,Predictive Modeling (PREM),Marketer Hub,Attribution Methodology,Attribution-Methodology,predictive-modeling,true,3,,
5bc3866f-f452-4789-bcfd-d1fa8d482c2b,Re-engagement Attribution Logic & Settings,Marketer Hub,Attribution Methodology,Attribution-Methodology,re-engagement-attribution-logic-settings,true,3,,
d5db5034-9e3d-4832-9fae-45935d371df3,Second Install Deduplication and Methodology,Marketer Hub,Attribution Methodology,Attribution-Methodology,second-install-deduplication-methodology,true,3,,
82f28aea-4a8a-40bb-a092-bf65addbd3fe,View Through Attribution Testing,Marketer Hub,Attribution Methodology,Attribution-Methodology,view-through-attribution-testing,true,3,,
3fc7d1d9-23e5-40d6-bdf6-ac6f08aeaef0,PAM Data Reference,Marketer Hub,Attribution Methodology > Predictive Aggregate Measurement,Attribution-Methodology---Predictive-Aggregate-Measurement,predictive-aggregate-measurement-data-reference,true,3,,
3f3d80c2-0541-4b99-af13-9339c1230817,PAM Overview,Marketer Hub,Attribution Methodology > Predictive Aggregate Measurement,Attribution-Methodology---Predictive-Aggregate-Measurement,predictive-aggregate-measurement,true,3,,
98cb98ad-11a8-4d81-8d72-e98b0464db23,Billing Overview,Account Hub,Billing,Billing,billing-overview,true,3,,
188d84ae-3ea0-4faf-9d4a-c5ce63f6a50d,Manage Billing,Account Hub,Billing,Billing,manage-billing,true,3,,
6ceaf9c8-71e1-46c3-9bfb-f26e2ebf20d9,Manage Invoices,Account Hub,Billing,Billing,manage-invoices,true,3,,
937da583-a3b0-45e3-844f-a1d02a7d4e04,Manage Payments,Account Hub,Billing,Billing,manage-payments,true,3,,
5d0a8e39-f60c-4f28-b163-7f719d5242d7,Request W9,Account Hub,Billing,Billing,request-w9,true,3,,
a7502e7e-87d7-485f-92ae-523133a25d8e,Usage,Account Hub,Billing,Billing,usage,true,3,,
dbb6c300-294e-4720-a3ff-9e5bbdd89f7f,APIs Overview,Developer Hub,Branch APIs,Branch-APIs,apis-overview,true,3,,
efecc7d9-62c9-4c33-95f7-f8d1a7cfe110,Branch SDK Overview,Developer Hub,Branch SDKs,Branch-SDKs,native-sdks-overview,true,3,,
787075be-f18a-4148-966c-b774d4585b2b,Dashboard SDK Integration Guide,Developer Hub,Branch SDKs,Branch-SDKs,sdk-integration-tracker,true,3,,
1e1b4a30-e089-4292-844f-0bd4ca25c008,Importing Historical User Data,Developer Hub,Branch SDKs,Branch-SDKs,importing-historical-user-data,true,3,,
a6f01a0a-0851-4587-938e-27ea814dde20,Android Advanced Features,Developer Hub,Branch SDKs > Native SDKs > Android SDK,Branch-SDKs---Native-SDKs---Android-SDK,android-advanced-features,true,3,,
29167dff-4e99-453e-bcfb-8309a8cf9453,Android Basic Integration,Developer Hub,Branch SDKs > Native SDKs > Android SDK,Branch-SDKs---Native-SDKs---Android-SDK,android-basic-integration,true,3,,
b7e764dd-a0ef-477a-b3be-8450a5532e35,Android Full Reference,Developer Hub,Branch SDKs > Native SDKs > Android SDK,Branch-SDKs---Native-SDKs---Android-SDK,android-full-reference,true,3,,
a4ce2dc3-8067-420f-a3b2-8e44fc0f26cf,Android Instant Apps,Developer Hub,Branch SDKs > Native SDKs > Android SDK,Branch-SDKs---Native-SDKs---Android-SDK,android-instant-apps,true,3,,
41a0a973-223c-42b5-a36c-4c15bf31b0cf,Android SDK Overview,Developer Hub,Branch SDKs > Native SDKs > Android SDK,Branch-SDKs---Native-SDKs---Android-SDK,android-sdk-overview,true,3,,
d965e1d4-137d-445b-b30e-1e03169eef44,Android Testing,Developer Hub,Branch SDKs > Native SDKs > Android SDK,Branch-SDKs---Native-SDKs---Android-SDK,android-testing,true,3,,
77dbae81-52c0-4526-a473-34852ad42aee,Android Troubleshooting,Developer Hub,Branch SDKs > Native SDKs > Android SDK,Branch-SDKs---Native-SDKs---Android-SDK,android-troubleshooting,true,3,,
99b80bec-f9e0-43df-a5a9-6c5a43bde8de,Android Version History,Developer Hub,Branch SDKs > Native SDKs > Android SDK,Branch-SDKs---Native-SDKs---Android-SDK,android-version-history,true,3,,
9e7cb52c-2ecc-4759-9bca-e0c2e6aa0cbb,Connected Advanced Features,Developer Hub,Branch SDKs > Native SDKs > Connected SDK,Branch-SDKs---Native-SDKs---Connected-SDK,connected-advanced-features,true,3,,
9cf6f23c-848a-4a7d-9b36-889136fe84fb,Connected Basic Integration,Developer Hub,Branch SDKs > Native SDKs > Connected SDK,Branch-SDKs---Native-SDKs---Connected-SDK,connected-basic-integration,true,3,,
1c5fbdcf-3889-4f11-bbc0-fd30d62808da,Connected Full Reference,Developer Hub,Branch SDKs > Native SDKs > Connected SDK,Branch-SDKs---Native-SDKs---Connected-SDK,connected-full-reference,true,3,,
9d04572a-66a7-48a7-983d-cf6a9df79195,Connected Overview,Developer Hub,Branch SDKs > Native SDKs > Connected SDK,Branch-SDKs---Native-SDKs---Connected-SDK,connected-sdk,true,3,,
22939952-9589-46d0-ab47-3545e1459fcf,Connected Testing,Developer Hub,Branch SDKs > Native SDKs > Connected SDK,Branch-SDKs---Native-SDKs---Connected-SDK,connected-testing,true,3,,
d3941873-426c-421f-8f40-30bea8b00f3e,Connected Troubleshooting,Developer Hub,Branch SDKs > Native SDKs > Connected SDK,Branch-SDKs---Native-SDKs---Connected-SDK,connected-troubleshooting,true,3,,
de780b74-eb46-458f-b763-02638e6a0684,iMessage Apps,Developer Hub,Branch SDKs > Native SDKs > iOS SDK,Branch-SDKs---Native-SDKs---iOS-SDK,imessage-apps,true,3,,
58919671-4810-4612-9efd-8cb48d64b730,iOS Advanced Features,Developer Hub,Branch SDKs > Native SDKs > iOS SDK,Branch-SDKs---Native-SDKs---iOS-SDK,ios-advanced-features,true,3,,
dada9fe2-2a79-4185-960a-b8c48658ee05,iOS Basic Integration,Developer Hub,Branch SDKs > Native SDKs > iOS SDK,Branch-SDKs---Native-SDKs---iOS-SDK,ios-basic-integration,true,3,,
cb468c9d-5541-415c-82e1-28183eea56f8,iOS Full Reference,Developer Hub,Branch SDKs > Native SDKs > iOS SDK,Branch-SDKs---Native-SDKs---iOS-SDK,ios-full-reference,true,3,,
d59ba3cc-33bc-4dfc-9ac6-13b6e666ff7c,iOS SDK Overview,Developer Hub,Branch SDKs > Native SDKs > iOS SDK,Branch-SDKs---Native-SDKs---iOS-SDK,ios-sdk-overview,true,3,,
a3582a9b-12fb-48d7-90b4-23b329e64c90,iOS Testing,Developer Hub,Branch SDKs > Native SDKs > iOS SDK,Branch-SDKs---Native-SDKs---iOS-SDK,ios-testing,true,3,,
a33eb5f6-a0e4-44fd-85fe-f5511cf70077,iOS Troubleshooting,Developer Hub,Branch SDKs > Native SDKs > iOS SDK,Branch-SDKs---Native-SDKs---iOS-SDK,ios-troubleshooting,true,3,,
bbbf7c81-a9ae-4cef-a480-a594c70794d6,iOS Version History,Developer Hub,Branch SDKs > Native SDKs > iOS SDK,Branch-SDKs---Native-SDKs---iOS-SDK,ios-version-history,true,3,,
7f6d8acf-5b35-4620-92a8-222c28bb6137,macOS Advanced Features,Developer Hub,Branch SDKs > Native SDKs > macOS SDK,Branch-SDKs---Native-SDKs---macOS-SDK,mac-os-advanced-features,true,3,,
26a4131b-3b53-4f08-9df2-20e323b3fad8,macOS Basic Integration,Developer Hub,Branch SDKs > Native SDKs > macOS SDK,Branch-SDKs---Native-SDKs---macOS-SDK,mac-os-basic-integration,true,3,,
fb8f4b30-b396-439b-9092-3a5286ed482a,macOS SDK Overview,Developer Hub,Branch SDKs > Native SDKs > macOS SDK,Branch-SDKs---Native-SDKs---macOS-SDK,macos-sdk-overview,true,3,,
6dba215f-f6a6-416f-bfc8-509be2ff7be5,macOS Testing,Developer Hub,Branch SDKs > Native SDKs > macOS SDK,Branch-SDKs---Native-SDKs---macOS-SDK,mac-os-testing,true,3,,
98f60704-48ed-4fa1-9d71-bfd5f16696be,macOS Version History,Developer Hub,Branch SDKs > Native SDKs > macOS SDK,Branch-SDKs---Native-SDKs---macOS-SDK,mac-os-version-history,true,3,,
1757ee6f-6724-48fd-bf2b-f97a6ba92ecf,Roku Basic Integration,Developer Hub,Branch SDKs > Native SDKs > Roku SDK,Branch-SDKs---Native-SDKs---Roku-SDK,sdk-roku-basic-integration,true,3,,
dc6f1e13-8fdf-48f8-9239-369792f86dc6,Roku Full Reference,Developer Hub,Branch SDKs > Native SDKs > Roku SDK,Branch-SDKs---Native-SDKs---Roku-SDK,sdk-roku-full-reference,true,3,,
79e9ed95-e6a3-480d-ae01-1829c3f7edd8,Roku Overview,Developer Hub,Branch SDKs > Native SDKs > Roku SDK,Branch-SDKs---Native-SDKs---Roku-SDK,sdk-roku-overview,true,3,,
350c955d-7c4a-43a1-bf0f-0c07f4d36e23,Roku Testing,Developer Hub,Branch SDKs > Native SDKs > Roku SDK,Branch-SDKs---Native-SDKs---Roku-SDK,sdk-roku-testing,true,3,,
0bf5c9ce-60f0-4248-b00c-17a0cb862ab2,tvOS Basic Integration,Developer Hub,Branch SDKs > Native SDKs > tvOS SDK,Branch-SDKs---Native-SDKs---tvOS-SDK,tvos-basic-integration,true,3,,
a4bed0dd-71db-446b-8a1b-5f6f6b6f6384,tvOS SDK Overview,Developer Hub,Branch SDKs > Native SDKs > tvOS SDK,Branch-SDKs---Native-SDKs---tvOS-SDK,tvos-sdk-overview,true,3,,
7cc2dea7-2c12-4c89-a9b3-bd5602da017c,Web Advanced Features,Developer Hub,Branch SDKs > Native SDKs > Web SDK,Branch-SDKs---Native-SDKs---Web-SDK,web-advanced-features,true,3,,
69864ebc-4373-49c6-afee-e70c6b7f78db,Web Basic Integration,Developer Hub,Branch SDKs > Native SDKs > Web SDK,Branch-SDKs---Native-SDKs---Web-SDK,web-basic-integration,true,3,,
52143173-5faf-4c91-9919-2f233ebf616d,Web Full Reference,Developer Hub,Branch SDKs > Native SDKs > Web SDK,Branch-SDKs---Native-SDKs---Web-SDK,web-full-reference,true,3,,
7402439a-1fb9-4fe7-91a1-2c62b2270271,Web SDK Overview,Developer Hub,Branch SDKs > Native SDKs > Web SDK,Branch-SDKs---Native-SDKs---Web-SDK,web-sdk-overview,true,3,,
13c9a333-ba9c-41b0-a820-8f65d9165205,Web Testing,Developer Hub,Branch SDKs > Native SDKs > Web SDK,Branch-SDKs---Native-SDKs---Web-SDK,web-testing,true,3,,
86d223c9-fc5b-4947-9950-91b8467c93c1,Web Troubleshooting,Developer Hub,Branch SDKs > Native SDKs > Web SDK,Branch-SDKs---Native-SDKs---Web-SDK,web-troubleshooting,true,3,,
ac0667ec-cb3b-41cf-b51c-c0d822118145,Web Version History,Developer Hub,Branch SDKs > Native SDKs > Web SDK,Branch-SDKs---Native-SDKs---Web-SDK,web-version-history,true,3,,
878ece8e-8852-48d0-a36a-8c2408df2942,Windows Advanced Features,Developer Hub,Branch SDKs > Native SDKs > Windows SDK,Branch-SDKs---Native-SDKs---Windows-SDK,windows-cpp-advanced-features,true,3,,
b127154f-40d6-478d-af16-b49bbc4f9a08,Windows Basic Integration,Developer Hub,Branch SDKs > Native SDKs > Windows SDK,Branch-SDKs---Native-SDKs---Windows-SDK,windows-cpp-basic-integration,true,3,,
3168026f-7973-4ffe-bcb4-bc641ab4fa54,Windows SDK Overview,Developer Hub,Branch SDKs > Native SDKs > Windows SDK,Branch-SDKs---Native-SDKs---Windows-SDK,windows-cpp-sdk-overview,true,3,,
6eae6b1f-03ae-4d2d-a0eb-6d35d435c7bd,Windows Testing,Developer Hub,Branch SDKs > Native SDKs > Windows SDK,Branch-SDKs---Native-SDKs---Windows-SDK,windows-cpp-testing,true,3,,
188f2e86-7897-411c-a253-5884a2872e14,Windows Version History,Developer Hub,Branch SDKs > Native SDKs > Windows SDK,Branch-SDKs---Native-SDKs---Windows-SDK,windows-cpp-version-history,true,3,,
064bc44a-d619-4e30-8c9c-b914d1b4315e,Adobe Launch Android SDK,Developer Hub,Branch SDKs > Plugins & SDK Wrappers,Branch-SDKs---Plugins---SDK-Wrappers,adobe-launch-android-sdk,true,3,,
245cc4f8-c4bd-46b0-b176-3714fe502ace,Adobe Launch iOS SDK,Developer Hub,Branch SDKs > Plugins & SDK Wrappers,Branch-SDKs---Plugins---SDK-Wrappers,adobe-launch-ios-sdk,true,3,,
b4de2763-173f-4851-8c4b-e9b7fa78e315,Capacitor,Developer Hub,Branch SDKs > Plugins & SDK Wrappers,Branch-SDKs---Plugins---SDK-Wrappers,capacitor,true,3,,
1b3d6832-d99e-4228-bb04-e3cf877d7ffa,Cordova PhoneGap Ionic,Developer Hub,Branch SDKs > Plugins & SDK Wrappers,Branch-SDKs---Plugins---SDK-Wrappers,cordova-phonegap-ionic,true,3,,
0770d162-1746-49a8-9dfe-7162ff84d99f,mParticle Android,Developer Hub,Branch SDKs > Plugins & SDK Wrappers,Branch-SDKs---Plugins---SDK-Wrappers,mparticle-android,true,3,,
33597cc2-3ed7-4d37-be21-6cdeb964ee6a,mParticle iOS,Developer Hub,Branch SDKs > Plugins & SDK Wrappers,Branch-SDKs---Plugins---SDK-Wrappers,mparticle-ios,true,3,,
8920b785-afb5-44d2-bdd8-c974f95d7b1b,Unity,Developer Hub,Branch SDKs > Plugins & SDK Wrappers,Branch-SDKs---Plugins---SDK-Wrappers,unity,true,3,,
bcaf79a8-f93c-465e-a770-d6359e89419e,Flutter SDK Basic Integration,Developer Hub,Branch SDKs > Plugins & SDK Wrappers > Flutter SDK,Branch-SDKs---Plugins---SDK-Wrappers---Flutter-SDK,flutter-sdk-basic-integration,true,3,,
4333c261-f0b4-49d6-bdc7-64afdf91d993,Flutter SDK Full Reference,Developer Hub,Branch SDKs > Plugins & SDK Wrappers > Flutter SDK,Branch-SDKs---Plugins---SDK-Wrappers---Flutter-SDK,flutter-sdk-full-reference,true,3,,
cceda5f6-95c9-42bf-8a98-042af1bd845e,Flutter SDK Overview,Developer Hub,Branch SDKs > Plugins & SDK Wrappers > Flutter SDK,Branch-SDKs---Plugins---SDK-Wrappers---Flutter-SDK,flutter-sdk,true,3,,
b079b39c-784f-46a9-984d-a4f064f8c04e,React Native Advanced Features,Developer Hub,Branch SDKs > Plugins & SDK Wrappers > React Native SDK,Branch-SDKs---Plugins---SDK-Wrappers---React-Native-SDK,react-native-advanced-features,true,3,,
6cb293c8-2538-4db4-b8b4-11843d9042b6,React Native Basic Integration,Developer Hub,Branch SDKs > Plugins & SDK Wrappers > React Native SDK,Branch-SDKs---Plugins---SDK-Wrappers---React-Native-SDK,react-native-basic-integration,true,3,,
5cb9a947-577a-4df6-8913-ce1d34b64c14,React Native Expo Integration,Developer Hub,Branch SDKs > Plugins & SDK Wrappers > React Native SDK,Branch-SDKs---Plugins---SDK-Wrappers---React-Native-SDK,react-native-expo-integration,true,3,,
7e391f2d-ab51-4244-a5c0-883eb29f5563,React Native Full Reference,Developer Hub,Branch SDKs > Plugins & SDK Wrappers > React Native SDK,Branch-SDKs---Plugins---SDK-Wrappers---React-Native-SDK,react-native-full-reference,true,3,,
4d7bfc89-ad8d-4b38-b98f-72b694a61c0f,React Native Overview,Developer Hub,Branch SDKs > Plugins & SDK Wrappers > React Native SDK,Branch-SDKs---Plugins---SDK-Wrappers---React-Native-SDK,react-native,true,3,,
eddaffb7-11b9-4729-abb9-4250eb0ccb78,.NET Feature Implementation,Developer Hub,Branch SDKs > Plugins & SDK Wrappers > Xamarin & MAUI,Branch-SDKs---Plugins---SDK-Wrappers---Xamarin---MAUI,dotnet-feature-implementation,true,3,,
8b469185-97d2-4149-82e2-396ff906fdc7,MAUI Configuration,Developer Hub,Branch SDKs > Plugins & SDK Wrappers > Xamarin & MAUI,Branch-SDKs---Plugins---SDK-Wrappers---Xamarin---MAUI,maui-configuration,true,3,,
382f2c32-c62f-4ad0-b9e1-ed6ffa2704f4,Xamarin & MAUI Overview,Developer Hub,Branch SDKs > Plugins & SDK Wrappers > Xamarin & MAUI,Branch-SDKs---Plugins---SDK-Wrappers---Xamarin---MAUI,xamarin-maui-sdk-overview,true,3,,
8781f4b2-0036-4ce8-8ebc-5f92d7dee371,Xamarin Configuration,Developer Hub,Branch SDKs > Plugins & SDK Wrappers > Xamarin & MAUI,Branch-SDKs---Plugins---SDK-Wrappers---Xamarin---MAUI,xamarin-configuration,true,3,,
5be9cce0-58f5-464b-83cc-064fd3413eee,Activation Guide,Marketer Hub,Custom Pages > Miscellaneous,Custom-Pages---Miscellaneous,activation-guide,true,3,,
73c5abd7-5bef-45ac-9f2f-0c6314796886,Activation Migration Guide,Marketer Hub,Custom Pages > Miscellaneous,Custom-Pages---Miscellaneous,activation-migration-guide,true,3,,
541eb732-6e9f-4791-b3c2-ae9bcba06ba5,Facebook Aggregate Reporting Changes,Marketer Hub,Custom Pages > Miscellaneous,Custom-Pages---Miscellaneous,facebook-aggregate-reporting-changes,true,3,,
549b509a-3561-40a7-9a1e-8d3630920e50,General SEO Compatibility,Marketer Hub,Custom Pages > Miscellaneous,Custom-Pages---Miscellaneous,general-seo-compatibility,true,3,,
2e0873a6-41ce-46cd-a720-dd07ae51b4aa,Guide to Facebook Attribution Changes for iOS 14,Marketer Hub,Custom Pages > Miscellaneous,Custom-Pages---Miscellaneous,facebook-ios-14,true,3,,
828413a7-20e5-4ff4-9fad-b3aa2e728a79,Journeys Dynamic Optimization,Marketer Hub,Custom Pages > Miscellaneous,Custom-Pages---Miscellaneous,journeys-dynamic-optimization,true,3,,
90ff50b6-41b9-4bf6-b841-bf579bf91883,Legacy Branch Overview,Marketer Hub,Custom Pages > Miscellaneous,Custom-Pages---Miscellaneous,branch-dashboard-overview,true,3,,
c9f10c22-aac5-4c9c-a002-0e5b7de71a53,Legacy Quick Link Creation,Marketer Hub,Custom Pages > Miscellaneous,Custom-Pages---Miscellaneous,legacy-link-creation,true,3,,
78ee2f73-1886-4e7d-93a3-85a0acce8947,Obscured Data,Marketer Hub,Custom Pages > Miscellaneous,Custom-Pages---Miscellaneous,obscured-data,true,3,,
c79dc944-dd07-47c6-9d12-813dda1b9040,Professional Services,Marketer Hub,Custom Pages > Miscellaneous,Custom-Pages---Miscellaneous,professional-services,true,3,,
8f569a0d-73c2-4455-9bf6-d27f90d9487f,Social CMS URL,Marketer Hub,Custom Pages > Miscellaneous,Custom-Pages---Miscellaneous,social-cms,true,3,,
48b6fe34-ae87-4411-928d-af8c08a81179,Third Party Integrations and PII,Marketer Hub,Custom Pages > Miscellaneous,Custom-Pages---Miscellaneous,third-party-integrations-and-pii,true,3,,
42fe224e-d86d-4008-96e6-a18c4c9afff0,Data Integration Implementation Guide,Marketer Hub,Data Feeds,Data-Feeds,data-integration-implementation-guide,true,3,,
5134f15b-31bd-4618-ae8c-ef6e1399b475,Data Integration Steps for Developers,Developer Hub,Data Feeds,Data-Feeds,data-integration-steps-for-developers,true,3,,
8d8002fa-cfc8-4218-85b0-a138aae9abd1,Supported Data Integration Partners,Developer Hub,Data Feeds,Data-Feeds,supported-data-integration-partners,true,3,,
723724bc-594f-4b25-ba81-1ac9a25ea1ef,Webhooks,Marketer Hub,Data Feeds,Data-Feeds,webhooks,true,3,,
21d25992-b10a-46f8-8592-6127f75c6989,Webhooks for Developers,Developer Hub,Data Feeds,Data-Feeds,data-integration-webhooks-for-developers,true,3,,
59a402c3-d923-4f3e-99cf-a623663f3921,Airship Configuration,Developer Hub,Data Feeds > Custom Export Provider Technical Guides,Data-Feeds---Custom-Export-Provider-Technical-Guides,airship-configuration,true,3,,
62da6466-400f-43ea-9aaa-b56bf38cf36f,Batch Configuration,Developer Hub,Data Feeds > Custom Export Provider Technical Guides,Data-Feeds---Custom-Export-Provider-Technical-Guides,batch-configuration,true,3,,
7d5d95e9-c053-4a3d-a62e-c69b8383f1ac,Braze Configuration,Developer Hub,Data Feeds > Custom Export Provider Technical Guides,Data-Feeds---Custom-Export-Provider-Technical-Guides,braze-configuration,true,3,,
dde21d99-5187-4a17-ba8d-2f905b6bd3d6,CleverTap (Export) Configuration,Developer Hub,Data Feeds > Custom Export Provider Technical Guides,Data-Feeds---Custom-Export-Provider-Technical-Guides,clevertap-data-configuration,true,3,,
a3d6943d-583a-4117-9819-514c1ec4274c,Firebase Configuration,Developer Hub,Data Feeds > Custom Export Provider Technical Guides,Data-Feeds---Custom-Export-Provider-Technical-Guides,firebase-configuration,true,3,,
fa3a1078-2dd7-4e3b-aca4-4cf926ebf090,Google Analytics 4 Configuration,Developer Hub,Data Feeds > Custom Export Provider Technical Guides,Data-Feeds---Custom-Export-Provider-Technical-Guides,google-analytics-4-configuration,true,3,,
bca6a2aa-093a-48e9-8a49-6b17fa2cd873,Google Analytics Configuration,Developer Hub,Data Feeds > Custom Export Provider Technical Guides,Data-Feeds---Custom-Export-Provider-Technical-Guides,google-analytics-configuration,true,3,,
e3def38f-baff-4073-b4a0-3fcadde8ddd9,Leanplum Configuration,Developer Hub,Data Feeds > Custom Export Provider Technical Guides,Data-Feeds---Custom-Export-Provider-Technical-Guides,leanplum-configuration,true,3,,
2404705c-f904-44df-a606-298cc7bb3445,Mixpanel Configuration,Developer Hub,Data Feeds > Custom Export Provider Technical Guides,Data-Feeds---Custom-Export-Provider-Technical-Guides,mixpanel-configuration,true,3,,
d169350a-5308-4272-9a5a-fca95e420856,MoEngage Configuration,Developer Hub,Data Feeds > Custom Export Provider Technical Guides,Data-Feeds---Custom-Export-Provider-Technical-Guides,moengage-configuration,true,3,,
bec4acab-cc7c-4f17-a803-6ca9086da034,Movable Ink Configuration,Developer Hub,Data Feeds > Custom Export Provider Technical Guides,Data-Feeds---Custom-Export-Provider-Technical-Guides,movable-ink-configuration,true,3,,
6e0d4cfc-d837-4fc5-9f13-5fa883f18fd5,mParticle (Export) Configuration,Developer Hub,Data Feeds > Custom Export Provider Technical Guides,Data-Feeds---Custom-Export-Provider-Technical-Guides,mparticle-export-configuration,true,3,,
325e0553-cd18-428c-be5c-4f2f1e5514fc,Segment (Export) Configuration,Developer Hub,Data Feeds > Custom Export Provider Technical Guides,Data-Feeds---Custom-Export-Provider-Technical-Guides,segment-export-configuration,true,3,,
af771332-20af-4eaf-bf84-7763c2f99932,mParticle (Import) Configuration,Developer Hub,Data Feeds > Custom Import Provider Technical Guides,Data-Feeds---Custom-Import-Provider-Technical-Guides,mparticle-import-configuration,true,3,,
86e473e6-6778-4032-b866-46df383c3cc6,Segment (Import) Configuration,Developer Hub,Data Feeds > Custom Import Provider Technical Guides,Data-Feeds---Custom-Import-Provider-Technical-Guides,segment-import-configuration,true,3,,
591a3501-ba45-47ef-b3e4-bab0128be1eb,Tealium Configuration,Developer Hub,Data Feeds > Custom Import Provider Technical Guides,Data-Feeds---Custom-Import-Provider-Technical-Guides,tealium-import-configuration,true,3,,
b9defafb-a401-4674-a379-5682f14cc739,Advanced Compliance,Developer Hub,Data Privacy,Data-Privacy,advanced-compliance,true,3,,
29e75b47-4430-497e-9fff-d0523ef61bec,Best Practices to Minimize Data Sent to Branch,Account Hub,Data Privacy,Data-Privacy,best-practices-to-minimize-data-sent-to-branch,true,3,,
158d9003-d425-40cf-90d0-79ee61443cf5,Data Retention Policy,Account Hub,Data Privacy,Data-Privacy,data-retention-policy,true,3,,
4494985c-3092-493f-8705-6f24e6476adc,Filter Ad Network Data,Developer Hub,Data Privacy,Data-Privacy,filtering-ad-network-data,true,3,,
73c1210d-d6c2-4e61-b200-e5888cc6fe2e,Implement Content Security Protocol (CSP),Developer Hub,Data Privacy,Data-Privacy,implement-content-security-protocol-csp,true,3,,
75d3bf59-6b14-4be1-9eed-6990edaa3f43,Obscured Data,Account Hub,Data Privacy,Data-Privacy,obscured-data,true,3,,
d036705e-64e1-4afd-8dba-f00e0ab583e7,Restricting End User Data Processing,Developer Hub,Data Privacy,Data-Privacy,honoring-opt-out-of-processing-requests,true,3,,
1bb0c954-e9d5-4aef-b802-308a7f227c66,SDK Privacy Controls,Account Hub,Data Privacy,Data-Privacy,sdk-privacy-controls,true,3,,
7042cac0-403c-4c23-a4ee-5aea28c988eb,Shared Responsibility,Account Hub,Data Privacy,Data-Privacy,shared-responsibility,true,3,,
fe295327-4393-4b37-aaa4-421ad225383f,Third Party Integrations and PII,Account Hub,Data Privacy,Data-Privacy,third-party-integrations-and-pii,true,3,,
10bb932d-303c-4ce3-9e98-d1007c0052c5,Advanced SKAdNetwork SDK Configuration,Developer Hub,Data Privacy > Apple,Data-Privacy---Apple,advanced-skadnetwork-sdk-configuration,true,3,,
bfe4bc20-4af4-4bf1-831a-f0a8c3d2df1c,Answering the App Store Connect Privacy Questions,Developer Hub,Data Privacy > Apple,Data-Privacy---Apple,answering-the-app-store-connect-privacy-questions,true,3,,
c300f181-878b-45e6-a625-8b805a2a90dd,iOS 17 Privacy Overview,Developer Hub,Data Privacy > Apple,Data-Privacy---Apple,ios-17-privacy-overview,true,3,,
a5dcee5c-075b-4852-8f81-f8420dcaa1b6,Supporting SKAN + Device-level in Parallel,Developer Hub,Data Privacy > Apple,Data-Privacy---Apple,supporting-skan-device-level-in-parallel,true,3,,
6c36bc45-5745-45f9-b1e9-6ba9b3dc4d7f,Answering the Google Play Store Privacy Questions,Developer Hub,Data Privacy > Google,Data-Privacy---Google,answering-the-google-play-store-privacy-questions,true,3,,
5210c3cb-fb36-44b1-b5b6-9ca14ab55ec8,Android App Links,Developer Hub,Deep Linking,Deep-Linking,android-app-links,true,3,,
0f147328-ab15-4645-93b8-b7418850a238,Apple Universal Links,Developer Hub,Deep Linking,Deep-Linking,ios-universal-links,true,3,,
ce56a60a-0815-4c93-8b4d-f926cb210ad7,Deep Linking for Developers,Developer Hub,Deep Linking,Deep-Linking,technical-deep-linking-for-developers,true,3,,
191af27c-59e2-46f9-bfe3-0123cfa46b6d,In-App Routing,Developer Hub,Deep Linking,Deep-Linking,in-app-routing,true,3,,
be8f3444-331a-456c-9ec4-fef187f1a544,NativeLink™ Deferred Deep Linking,Developer Hub,Deep Linking,Deep-Linking,nativelink-deferred-deep-linking,true,3,,
7c1a97db-4f51-40d6-aff8-6d8861d119c0,SAN API-Driven Deferred Deep Linking,Developer Hub,Deep Linking,Deep-Linking,san-deferred-deep-linking,true,3,,
df1149dd-9f9e-45dd-9ad7-73bcb59c28e4,Deepview Analytics,Marketer Hub,Deepviews,Deepviews,deepview-analytics,true,3,,
435dd7e6-e59d-4c83-9029-28e2e037d998,Deepviews Overview,Marketer Hub,Deepviews,Deepviews,deepviews,true,3,,
bf8e1ac0-8739-4274-b4d3-361b208ccf38,Enable Deepviews,Marketer Hub,Deepviews,Deepviews,enable-deepviews,true,3,,
bb746b86-4163-493b-b5d8-c6b121138601,Email Integration for Developers,Developer Hub,Email,Email,email-integration-for-developers,true,3,,
3e72be83-41be-4b00-ba4a-1cbbc6a2b46a,Supported Email Partners,Developer Hub,Email,Email,supported-email-partners,true,3,,
68045487-3382-4262-a1dd-a3c06c84ac31,Amazon SES Configuration,Developer Hub,Email > Custom Email Partner Technical Guides,Email---Custom-Email-Partner-Technical-Guides,aws-ses-configuration,true,3,,
3416a3a5-a85f-4787-8d9f-2abdf8ad73c9,Customer.io Configuration,Developer Hub,Email > Custom Email Partner Technical Guides,Email---Custom-Email-Partner-Technical-Guides,customerio-configuration,true,3,,
aaa67a0b-e637-493a-b3d9-f57243a66079,Emarsys Configuration,Developer Hub,Email > Custom Email Partner Technical Guides,Email---Custom-Email-Partner-Technical-Guides,emarsys-configuration,true,3,,
5ac67e55-ffec-4a1b-a0bb-db990f9860b0,Iterable Configuration,Developer Hub,Email > Custom Email Partner Technical Guides,Email---Custom-Email-Partner-Technical-Guides,iterable-configuration,true,3,,
dca02b7c-00be-4a85-81fc-ca080cacd1ce,Sendgrid Configuration,Developer Hub,Email > Custom Email Partner Technical Guides,Email---Custom-Email-Partner-Technical-Guides,sendgrid-configuration,true,3,,
9271a00c-83be-4e97-9998-2012a69682bb,Adobe Campaign Classic Configuration,Developer Hub,Email > Custom Email Partner Technical Guides > Adobe,Email---Custom-Email-Partner-Technical-Guides---Adobe,adobe-campaign-classic-configuration,true,3,,
ec0b719c-cb2e-4f80-a4ef-ef62f53392a4,Adobe Campaign Standard Configuration,Developer Hub,Email > Custom Email Partner Technical Guides > Adobe,Email---Custom-Email-Partner-Technical-Guides---Adobe,adobe-campaign-standard-configuration,true,3,,
e00a1bac-a387-4913-adc1-083c150b41fb,Braze | Sparkpost Configuration,Developer Hub,Email > Custom Email Partner Technical Guides > Braze,Email---Custom-Email-Partner-Technical-Guides---Braze,braze-sparkpost-configuration,true,3,,
4ca7f749-befb-4aea-8cc7-f00dbbb7b549,Cheetah Digital Cheetah Mail Configuration,Developer Hub,Email > Custom Email Partner Technical Guides > CheetahMail,Email---Custom-Email-Partner-Technical-Guides---CheetahMail,cheetah-digital-cheetah-mail-configuration,true,3,,
d0370a3f-9733-41d9-ae53-4064ecd0f812,Cheetah Digital Marketing Suite Configuration,Developer Hub,Email > Custom Email Partner Technical Guides > CheetahMail,Email---Custom-Email-Partner-Technical-Guides---CheetahMail,cheetah-digital-marketing-suite-configuration,true,3,,
82337b2b-c1ae-4461-ac03-ca9012d4cd28,Oracle Bronto Configuration,Developer Hub,Email > Custom Email Partner Technical Guides > Oracle,Email---Custom-Email-Partner-Technical-Guides---Oracle,oracle-bronto-configuration,true,3,,
27475680-fcce-4080-b8c6-1ed7c5709ba2,Oracle Eloqua Configuration,Developer Hub,Email > Custom Email Partner Technical Guides > Oracle,Email---Custom-Email-Partner-Technical-Guides---Oracle,oracle-eloqua-configuration,true,3,,
dc3af641-a40f-43bf-845b-c69b360376ea,AMPscript for SFMC Configuration,Developer Hub,Email > Custom Email Partner Technical Guides > Salesforce Marketing Cloud Web Default,Email---Custom-Email-Partner-Technical-Guides---Salesforce-Marketing-Cloud-Web-Default,ampscript-for-sfmc-configuration,true,3,,
6d4fbdc5-5462-4e1c-8c12-5c64cd8da8f5,SFMC Configuration,Developer Hub,Email > Custom Email Partner Technical Guides > Salesforce Marketing Cloud Web Default,Email---Custom-Email-Partner-Technical-Guides---Salesforce-Marketing-Cloud-Web-Default,sfmc-overview,true,3,,
14d86154-890f-42f0-9092-7c7d59a53d2a,Vibes Configuration,Developer Hub,Email > Custom SMS Partner Technical Guides,Email---Custom-SMS-Partner-Technical-Guides,vibes-configuration,true,3,,
d8e73e02-ac68-40a2-be1a-ed8ad684adbc,Email Link Debugger,Marketer Hub,Email and SMS,Email-and-SMS,universal-email-link-debugger,true,3,,
ceb20f95-3b66-45a5-b0e7-f36912fadbfc,Email Overview,Marketer Hub,Email and SMS,Email-and-SMS,email-overview,true,3,,
aa571c3d-b6a2-45bd-9077-a2ce5a3e0b48,SMS,Marketer Hub,Email and SMS,Email-and-SMS,sms,true,3,,
7276831e-a349-4832-b01f-0d36de4db19f,Supported Email Partners,Marketer Hub,Email and SMS,Email-and-SMS,supported-email-partners,true,3,,
9731e92d-3e83-47c0-8af3-391ae108e43a,Movable Ink - Email,Marketer Hub,Email and SMS > Personalization,Email-and-SMS---Personalization,movable-ink-email,true,3,,
78d3d06e-fdc0-444d-a911-edae9e7e13a7,Personalization Overview,Marketer Hub,Email and SMS > Personalization,Email-and-SMS---Personalization,personalization,true,3,,
98587c22-1df9-4c5d-b9ca-046335545f75,Account Hub Overview,Account Hub,Get Started,Get-Started,account-hub-overview,true,3,,
94f2436d-0ae6-4940-b24a-17a9f7816f99,Branch University,Account Hub,Get Started,Get-Started,branch-university,true,3,,
538ad3bf-30f8-432c-9107-f77bfd92ffaa,Developer Hub Overview,Developer Hub,Get Started,Get-Started,developer-hub-overview,true,3,,
4aaac9d9-6b35-4ebe-bdd7-e493d9b05db5,Glossary,Account Hub,Get Started,Get-Started,glossary,true,3,,
f48a866a-aef4-4012-90a3-55e1ab3c1aca,Marketer Hub Overview,Marketer Hub,Get Started,Get-Started,marketer-hub-overview,true,3,,
ae4934da-09dd-4bd2-99f1-19f59e9e2c28,Products,Account Hub,Get Started,Get-Started,products,true,3,,
246e8c93-82df-4a24-ac99-a294358b9504,Activation Onboarding Guide,Account Hub,Get Started > Onboarding,Get-Started---Onboarding,activation-onboarding-guide,true,3,,
71d8038f-e93a-4a60-8799-b3c81618f681,Migrating Firebase Dynamic Links to Branch Links,Developer Hub,Get Started > Onboarding,Get-Started---Onboarding,migrating-firebase-dynamic-links-to-branch-links,true,3,,
07458a32-509e-44a6-9787-9c0e6290b2cd,MMP Migration Guide,Marketer Hub,Get Started > Onboarding,Get-Started---Onboarding,mmp-migration-guide,true,3,,
9942432d-6f69-431d-9862-404680b0d75f,Onboarding Guide,Account Hub,Get Started > Onboarding,Get-Started---Onboarding,onboarding-guide,true,3,,
f737f5a0-597c-4525-a741-709cd1f413bc,Advanced Journeys Technical Configuration,Developer Hub,Journeys,Journeys,advanced-journeys-technical-configuration,true,3,,
09e5ac17-8370-417b-bb1a-82e4c55cf5e9,Advanced Journeys UI (HTML & CSS),Developer Hub,Journeys,Journeys,advanced-journeys-ui-html-css,true,3,,
1fb5c218-49db-44ed-9b06-3c58dcc84af6,Creatives Manager,Marketer Hub,Journeys,Journeys,creatives-manager,true,3,,
ef784ea8-a044-4a3f-85d2-753313692f14,Creatives Optimization,Marketer Hub,Journeys,Journeys,creatives-optimization,true,3,,
67ecfc55-5b7e-4e9b-9c7c-de25ce488ed2,Journeys Analytics,Marketer Hub,Journeys,Journeys,journeys-analytics,true,3,,
1dfb4c8a-ddb8-41b1-959f-a08bbe7abc76,Journeys Assist,Marketer Hub,Journeys,Journeys,journeys-assist,true,3,,
e6447a48-6dc3-4228-8c4d-e38d5e576781,Journeys Assist Implementation,Developer Hub,Journeys,Journeys,implement-journeys-assist,true,3,,
33487e6a-e913-4990-8ef5-f1f371ae64fc,Journeys FAQs,Marketer Hub,Journeys,Journeys,journeys-faqs,true,3,,
14557d91-45ea-46e4-8168-2389d59c3b2f,Journeys Manager,Marketer Hub,Journeys,Journeys,manage-journeys,true,3,,
d0487b7c-22b8-4994-8a03-f4ad53dd244a,Journeys on Accelerated Mobile Pages (AMP),Developer Hub,Journeys,Journeys,journeys-via-amp,true,3,,
661cb1b9-afdb-4665-81b2-2c4a1c13e061,Journeys Overview,Marketer Hub,Journeys,Journeys,journeys-overview,true,3,,
b4bdf7e5-e2c2-47fd-9f2f-f07670bcf611,Troubleshoot Journeys Banners,Developer Hub,Journeys,Journeys,troubleshoot-journeys-banners,true,3,,
af5d7d9a-fab6-470d-a0f0-41b1f30fa614,Advanced Journeys Configuration,Marketer Hub,Journeys > Create Journeys,Journeys---Create-Journeys,advanced-journeys-configuration,true,3,,
f5f1d95a-4dfd-4da2-b0ff-5ed9e8ce8f9b,Create Journeys Banners or Interstitials,Marketer Hub,Journeys > Create Journeys,Journeys---Create-Journeys,create-journey-banner-or-interstitial,true,3,,
f5b68418-c6f3-4ab7-bd08-122b00edf0a9,Example Journeys Audience Configuration,Marketer Hub,Journeys > Create Journeys,Journeys---Create-Journeys,example-journeys,true,3,,
c72a39eb-446a-4622-b74e-791544e555ae,Journeys Image Recommendations,Marketer Hub,Journeys > Create Journeys,Journeys---Create-Journeys,journeys-image-recommendations,true,3,,
b28eeff0-4eb8-4054-928d-cc97cff28a5c,Journeys: Desktop Banners,Marketer Hub,Journeys > Create Journeys,Journeys---Create-Journeys,desktop-journeys,true,3,,
d3ba6757-6a00-4379-a15b-6e348890fd9c,Email to App,Marketer Hub,Journeys > Journeys Use Cases,Journeys---Journeys-Use-Cases,email-to-app,true,3,,
941abcd4-034e-4cb9-9c54-a4780100bb0d,Web to App,Marketer Hub,Journeys > Journeys Use Cases,Journeys---Journeys-Use-Cases,web-to-app,true,3,,
dbfad5f4-124b-4099-b132-68e9f5e018c4,Additional Link Configuration,Account Hub,Link Settings,Link-Settings,additional-link-configuration,true,3,,
315e5060-8acc-49bd-a725-b4773a08325d,Advanced Link Configuration,Account Hub,Link Settings,Link-Settings,advanced-link-configuration,true,3,,
29c49934-71af-46a9-a873-d36aac2a877b,Basic Link Configuration,Account Hub,Link Settings,Link-Settings,basic-link-configuration,true,3,,
ab218c8b-3514-46cf-8f52-1a7ab9c8ab78,Link Configuration FAQ,Account Hub,Link Settings,Link-Settings,link-configuration-faq,true,3,,
6247717e-3b22-4da1-9363-825355d9fb6e,Troubleshooting Link Formatting Errors,Account Hub,Link Settings,Link-Settings,troubleshooting-link-formatting-errors,true,3,,
e4898ac9-ece8-4e16-8081-0b1ddbce214d,Deep Linking Full Reference,Marketer Hub,Links,Links,deep-link-reference,true,3,,
62d47095-ce97-46a7-8685-78469f128f4e,Deep Linking Overview,Marketer Hub,Links,Links,deep-linking,true,3,,
c420427e-33f9-4bb7-825f-a4f46432a97a,Create Ad Links,Marketer Hub,Links > Create Links > Ad Links,Links---Create-Links---Ad-Links,ad-links,true,3,,
5c5a9b63-faf9-4f60-b9b2-9d3b0ae402d7,Branch Slack App,Marketer Hub,Links > Create Links > Short Links,Links---Create-Links---Short-Links,branch-slack-app,true,3,,
9e4fc8d6-3963-4586-8477-3cbd57916b0b,Create App Links,Marketer Hub,Links > Create Links > Short Links,Links---Create-Links---Short-Links,create-app-links,true,3,,
6051fd0b-06e5-44f5-b3fd-00374d14bb08,Create In-App Sharing and Referral Links,Marketer Hub,Links > Create Links > Short Links,Links---Create-Links---Short-Links,in-app-sharing-and-referral-links,true,3,,
08cea7e8-f579-4ab7-8892-7bd505791164,Create Web Links,Marketer Hub,Links > Create Links > Short Links,Links---Create-Links---Short-Links,create-web-links,true,3,,
f32f0ae4-eb1d-4e10-8199-4cbe1b47cff7,Link Templates,Marketer Hub,Links > Manage Links,Links---Manage-Links,link-templates,true,3,,
86695bd7-ff53-4889-8591-3dbe7dc26409,LinkHub,Marketer Hub,Links > Manage Links,Links---Manage-Links,linkhub,true,3,,
8e715037-57c6-4d43-b090-b5c71adc31c8,Analyze QR Code Performance,Marketer Hub,Links > QR Codes,Links---QR-Codes,analyze-qr-code-performance,true,3,,
83492072-4c5b-4159-9668-97263b312500,Create QR Codes,Marketer Hub,Links > QR Codes,Links---QR-Codes,create-qr-codes,true,3,,
93b26744-0d73-4572-818d-1a46106e048a,Customize QR Codes,Marketer Hub,Links > QR Codes,Links---QR-Codes,qr-codes-builder,true,3,,
5db936a1-1dd6-4d6a-8d5f-0fe658d2e56b,Manage QR Codes,Marketer Hub,Links > QR Codes,Links---QR-Codes,manage-your-qr-codes,true,3,,
4fb0f024-312b-41a9-90f4-41eca3bc2f1c,QR Codes Overview,Marketer Hub,Links > QR Codes,Links---QR-Codes,qr-codes-overview,true,3,,
7b7f4a05-94e2-4baf-8777-cd0e80e2892e,Link Validator,Marketer Hub,Links > Verify Links,Links---Verify-Links,link-validator,true,3,,
7e5a29fe-8017-4cbd-8c89-6df45af0c4ea,[Android] Web Link Opens App,Marketer Hub,Links > Verify Links > Troubleshooting,Links---Verify-Links---Troubleshooting,android-web-only-link-opens-app,true,3,,
e58c5763-f396-4515-864a-0f004610f2b4,[iOS] Web Link Opens App,Marketer Hub,Links > Verify Links > Troubleshooting,Links---Verify-Links---Troubleshooting,ios-web-only-link-opens-app,true,3,,
9606a8a5-f343-4310-9c06-86e9b51a9627,Safari Error: Safari cannot open this page because address is invalid,Marketer Hub,Links > Verify Links > Troubleshooting,Links---Verify-Links---Troubleshooting,safari-error-safari-cannot-open-this-page-because-address-is-invalid,true,3,,
14666d45-66b0-4534-b0c9-0ac7383cbda9,Liveview,Marketer Hub,Liveview,Liveview,liveview,true,3,,
289e05f6-e10d-4fb6-bf51-5362c6cedfc8,Deduplicate Second Installs With APIs,Developer Hub,Methodology,Methodology,deduplicate-second-installs-with-apis,true,3,,
cb49993d-9e07-41b1-851c-44c40743f577,Implement Attribution Methods,Developer Hub,Methodology,Methodology,implement-attribution-methods,true,3,,
065190ac-ddaf-45ba-af57-19f21eeb1237,Home Page (New),Account Hub,New Branch,New-Branch,home-page-new,true,3,,
261314da-51c5-49c2-9ba2-141336e44eaf,New Branch Overview,Account Hub,New Branch,New-Branch,new-branch-overview,true,3,,
4234a564-06e0-48f7-903b-56c91f1bbe1b,Profile (New),Account Hub,New Branch > Account (New),New-Branch---Account--New-,profile-new,true,3,,
0302a36b-7b20-41b5-8396-b78f8b03bfbb,Manage Billing (New),Account Hub,New Branch > Account (New) > Billing (New),New-Branch---Account--New----Billing--New-,billing-manage-new,true,3,,
6ec113df-0337-43eb-b993-183cfa25fdbb,Manage Invoices (New),Account Hub,New Branch > Account (New) > Billing (New),New-Branch---Account--New----Billing--New-,billing-invoices-new,true,3,,
4f044731-35db-4d4a-a163-7867735748a4,Manage Payments (New),Account Hub,New Branch > Account (New) > Billing (New),New-Branch---Account--New----Billing--New-,billing-payments-new,true,3,,
d2c58d38-ecab-49d0-b317-fa071c6cebe3,Usage (New),Account Hub,New Branch > Account (New) > Billing (New),New-Branch---Account--New----Billing--New-,billing-usage-new,true,3,,
269334c0-e8f7-4ac7-853f-5e013c13b89a,Analysis Data Sources Reference (New),Marketer Hub,New Branch > Analysis (New),New-Branch---Analysis--New-,analysis-data-sources-new,true,3,,
7486449d-5919-4fb8-889f-85fd74f37776,Cohorts (New),Marketer Hub,New Branch > Analysis (New) > Dashboards (New),New-Branch---Analysis--New----Dashboards--New-,cohorts-new,true,3,,
240d776a-5775-4fb0-8633-6d18e3ca1e6e,Dashboards Overview (New),Marketer Hub,New Branch > Analysis (New) > Dashboards (New),New-Branch---Analysis--New----Dashboards--New-,analysis-dashboards-overview-new,true,3,,
26edb741-db32-41e4-8948-be82be56b6c3,Funnel (New),Marketer Hub,New Branch > Analysis (New) > Dashboards (New),New-Branch---Analysis--New----Dashboards--New-,funnel-new,true,3,,
d1a64d3c-f7fc-4d45-b062-116838338118,Link Analytics (New),Marketer Hub,New Branch > Analysis (New) > Dashboards (New),New-Branch---Analysis--New----Dashboards--New-,link-analytics-new,true,3,,
d513ad03-fe09-4519-bb64-442f8d3fc26f,Links Page (New),Marketer Hub,New Branch > Campaigns (New) > Links (New),New-Branch---Campaigns--New----Links--New-,links-page-new,true,3,,
fb4a059f-ad43-497d-ba80-3264145c8cdf,Create App Links (New),Marketer Hub,New Branch > Campaigns (New) > Links (New) > Create Links (New),New-Branch---Campaigns--New----Links--New----Create-Links--New-,create-app-links-new,true,3,,
daced163-28b0-4f6b-ada0-91dbf254a15f,Create Links With Ivy (New),Marketer Hub,New Branch > Campaigns (New) > Links (New) > Create Links (New),New-Branch---Campaigns--New----Links--New----Create-Links--New-,create-links-with-ivy-new,true,3,,
3ccb594f-a979-46ba-9869-edf9e4ff1880,Create Web Links (New),Marketer Hub,New Branch > Campaigns (New) > Links (New) > Create Links (New),New-Branch---Campaigns--New----Links--New----Create-Links--New-,create-web-links-new,true,3,,
b0339fc2-f318-4970-aaf6-62f2c8ef2f3b,General (New),Account Hub,New Branch > Configuration (New) > App Settings (New),New-Branch---Configuration--New----App-Settings--New-,general-new,true,3,,
9bb9ca40-0170-4b10-aae7-0b3357e635b7,Attribution (New),Account Hub,New Branch > Configuration (New) > Attribution (New),New-Branch---Configuration--New----Attribution--New-,attribution-page-new,true,3,,
16dcce40-1a70-4816-acdd-6617c2a6c334,Link Appearance (New),Account Hub,New Branch > Configuration (New) > Link Controls (New),New-Branch---Configuration--New----Link-Controls--New-,link-appearance-new,true,3,,
50eef223-d2bf-416a-bfe4-036f0ab2b800,Link Routing Rules (New),Account Hub,New Branch > Configuration (New) > Link Controls (New),New-Branch---Configuration--New----Link-Controls--New-,link-routing-rules-new,true,3,,
aaeccaf0-3fcb-4e01-9fb8-1e6f4ccf0f8b,Credentials (New),Account Hub,New Branch > Configuration (New) > Security and Access (New),New-Branch---Configuration--New----Security-and-Access--New-,credentials-new,true,3,,
2d9d14aa-8cb5-43fd-88a9-2cacfb61238f,SSO (New),Account Hub,New Branch > Configuration (New) > Security and Access (New),New-Branch---Configuration--New----Security-and-Access--New-,sso-new,true,3,,
d2511c90-add1-4abc-a31a-829b38b483f7,Team (New),Account Hub,New Branch > Configuration (New) > Security and Access (New),New-Branch---Configuration--New----Security-and-Access--New-,team-new,true,3,,
ea4ebb38-56fc-461b-b5a0-b90a9005db25,Add and Manage Test Devices (New),Account Hub,New Branch > Configuration (New) > Testing and Monitoring (New),New-Branch---Configuration--New----Testing-and-Monitoring--New-,add-and-manage-test-devices-new,true,3,,
be7d2d47-4ca4-48bb-8d89-d9cff00025bf,Alert Notifications (New),Account Hub,New Branch > Configuration (New) > Testing and Monitoring (New),New-Branch---Configuration--New----Testing-and-Monitoring--New-,alert-notifications-new,true,3,,
fb9e5c74-6f0c-4b66-a6d1-6acdc4a77972,Liveview (New),Account Hub,New Branch > Configuration (New) > Testing and Monitoring (New),New-Branch---Configuration--New----Testing-and-Monitoring--New-,liveview-new,true,3,,
2612ba5d-8e11-4ccc-bb26-1dc1c5ca23c8,Recent Activity (New),Account Hub,New Branch > Configuration (New) > Testing and Monitoring (New),New-Branch---Configuration--New----Testing-and-Monitoring--New-,recent-activity-new,true,3,,
e48873a7-fa13-4b16-9814-4e0c12e6c080,Dashboard Custom Exports,Marketer Hub,Reports and Exports,Reports-and-Exports,dashboard-custom-exports,true,3,,
e35741d0-2710-4216-a78c-4e5fb3022231,Dashboard Daily Exports,Marketer Hub,Reports and Exports,Reports-and-Exports,dashboard-daily-exports,true,3,,
fad81761-8f30-4402-8dc4-d3ec1386d38f,Dashboard Exports,Marketer Hub,Reports and Exports,Reports-and-Exports,dashboard-exports,true,3,,
f9a73941-6ef6-49ac-b6ea-34c77cb07131,Dashboard Reports,Marketer Hub,Reports and Exports,Reports-and-Exports,dashboard-reports,true,3,,
5c537aec-f1b3-475f-b3dd-d2fd3ef9ae93,Funnel,Marketer Hub,Reports and Exports,Reports-and-Exports,branch-funnel,true,3,,
1dbbd439-78d5-4c77-a8a3-9def93693ad5,Overview Page,Marketer Hub,Reports and Exports,Reports-and-Exports,branch-summary-page,true,3,,
be9a295f-516a-480e-8e31-4d8404113923,Scheduled Dashboard Email Reports,Marketer Hub,Reports and Exports,Reports-and-Exports,scheduled-dashboard-email-reports,true,3,,
68d74ad8-4a6b-4bea-89eb-fd7b45bc68a1,SEO and AIO App Attribution,Marketer Hub,SEO and AIO,SEO-and-AIO,seo-app-attribution,true,3,,
6abcdd3b-a8e7-4d00-bde8-5b35ef4319e1,iOS Attribution Best Practices,Marketer Hub,SKAdNetwork and iOS,SKAdNetwork-and-iOS,ios-attribution-best-practices,true,3,,
cb7682dc-871e-4a10-b480-3294673a62b5,Apple Ads & iOS 14 FAQ,Marketer Hub,SKAdNetwork and iOS > iOS 14 FAQs,SKAdNetwork-and-iOS---iOS-14-FAQs,apple-ads-ios-14-faq,true,3,,
354d64cb-8314-4c2c-a483-9ed85fd22465,AppTrackingTransparency FAQ,Marketer Hub,SKAdNetwork and iOS > iOS 14 FAQs,SKAdNetwork-and-iOS---iOS-14-FAQs,apptrackingtransparency-faq,true,3,,
ac75850b-076e-4a01-9a08-0dd713ebcd48,Facebook & iOS 14 FAQ,Marketer Hub,SKAdNetwork and iOS > iOS 14 FAQs,SKAdNetwork-and-iOS---iOS-14-FAQs,facebook-ios-faq,true,3,,
375552a4-7d38-4cd1-86ed-0640298ccb95,General iOS 14 FAQ,Marketer Hub,SKAdNetwork and iOS > iOS 14 FAQs,SKAdNetwork-and-iOS---iOS-14-FAQs,general-ios-14-faq,true,3,,
8285c06d-3554-4ad6-997f-07ee82db0315,Google & iOS 14 FAQ,Marketer Hub,SKAdNetwork and iOS > iOS 14 FAQs,SKAdNetwork-and-iOS---iOS-14-FAQs,google-ios-14-faq,true,3,,
3050f5d3-7053-4389-a0ba-30e1e993975b,Other Networks & iOS 14 FAQ,Marketer Hub,SKAdNetwork and iOS > iOS 14 FAQs,SKAdNetwork-and-iOS---iOS-14-FAQs,other-networks-ios-14-faq,true,3,,
51b4cb7f-480f-4b28-8e2d-b840e5de53ed,Other Troubleshooting FAQ,Marketer Hub,SKAdNetwork and iOS > iOS 14 FAQs,SKAdNetwork-and-iOS---iOS-14-FAQs,other-troubleshooting-faq,true,3,,
5d7ddeae-1974-4a89-9be9-7bd4d700eee5,Preparing for iOS 14.5 Release FAQ,Marketer Hub,SKAdNetwork and iOS > iOS 14 FAQs,SKAdNetwork-and-iOS---iOS-14-FAQs,preparing-for-ios-14-release-faq,true,3,,
9ee4dd44-4204-4417-bd32-9e340aa52d86,Snap & iOS 14 FAQ,Marketer Hub,SKAdNetwork and iOS > iOS 14 FAQs,SKAdNetwork-and-iOS---iOS-14-FAQs,snap-ios-14-faq,true,3,,
c985f241-025a-40b9-90b9-1a7e4b342e71,Enable SKAdNetwork,Marketer Hub,SKAdNetwork and iOS > SKAdNetwork,SKAdNetwork-and-iOS---SKAdNetwork,enable-skadnetwork,true,3,,
567dde62-c6ba-4787-b5be-24dce4b83cc0,SKAdNetwork Agency Permissions,Marketer Hub,SKAdNetwork and iOS > SKAdNetwork,SKAdNetwork-and-iOS---SKAdNetwork,skadnetwork-agency-permissions,true,3,,
1a80610a-eece-4418-9cfd-030021b42da5,SKAdNetwork Dashboard Reports,Marketer Hub,SKAdNetwork and iOS > SKAdNetwork,SKAdNetwork-and-iOS---SKAdNetwork,skadnetwork-dashboard-reports,true,3,,
fa2c02da-2083-4da8-bc5e-b7724931a273,SKAdNetwork Data,Marketer Hub,SKAdNetwork and iOS > SKAdNetwork,SKAdNetwork-and-iOS---SKAdNetwork,skadnetwork-data,true,3,,
d1f5bca3-f47d-4b16-b5f9-1ffb00fae3d8,SKAdNetwork Direct Postback,Marketer Hub,SKAdNetwork and iOS > SKAdNetwork,SKAdNetwork-and-iOS---SKAdNetwork,skadnetwork-direct-postback,true,3,,
f6989adb-b44c-4e66-9133-ebf6606158e7,SKAdNetwork FAQ,Marketer Hub,SKAdNetwork and iOS > SKAdNetwork,SKAdNetwork-and-iOS---SKAdNetwork,skadnetwork-faq,true,3,,
df6a2a0c-4922-43e4-b224-8e3cc47b3b8a,SKAdNetwork Overview,Marketer Hub,SKAdNetwork and iOS > SKAdNetwork,SKAdNetwork-and-iOS---SKAdNetwork,skadnetwork,true,3,,
57e7163e-8e49-43a1-b648-e1d556ba58ec,Configure SSO (General SAML),Account Hub,SSO,SSO,configure-sso,true,3,,
88b42462-0eac-4ec0-a861-652a6959cc24,Configure SSO With Azure,Account Hub,SSO,SSO,configure-sso-with-azure,true,3,,
74b6f35a-c9d9-4936-9c94-352df4f2838d,Configure SSO With Google,Account Hub,SSO,SSO,configure-sso-with-google,true,3,,
82489bbf-24d4-4a5b-9f38-1b8eda857681,Configure SSO With Okta,Account Hub,SSO,SSO,configure-sso-with-okta,true,3,,
54d02e42-970f-4622-86a4-7fc1323b7d35,Add and Manage Test Devices,Account Hub,Testing and Monitoring,Testing-and-Monitoring,add-test-devices,true,3,,
4230bae5-7bd0-4e1d-a446-190a49e5ba33,Find your Device IDs,Account Hub,Testing and Monitoring,Testing-and-Monitoring,how-do-i-find-my-device-ids,true,3,,
77d38479-6c63-49dd-8fcb-bcbefb07649c,Liveview,Account Hub,Testing and Monitoring,Testing-and-Monitoring,liveview,true,3,,
24475e34-8cd1-49a9-a518-d92c86bb770e,Notification & Alerting System,Account Hub,Testing and Monitoring,Testing-and-Monitoring,notification-alerting-system,true,3,,
f48d06d1-a96a-4176-be46-93a041357dcc,Recent Activity,Account Hub,Testing and Monitoring,Testing-and-Monitoring,recent-activity,true,3,,
49f5725d-0e17-447f-ac17-e7f89962f375,Retrieve Branch's Last Attributed Touch Data,Developer Hub,Tracking,Tracking,retrieving-branchs-last-attributed-touch-data,true,3,,
46678699-f0da-45fd-8269-4d56aad085a8,Branch Event Ontology,Developer Hub,Tracking > Events,Tracking---Events,branch-event-ontology,true,3,,
ef20400d-55f8-4b35-989d-0861e5c7ea21,Create Branch Objects,Developer Hub,Tracking > Events,Tracking---Events,create-branch-objects-and-events,true,3,,
8086f503-106a-414e-b273-40df913c93a3,Relay Subscriptions and In-App Purchases,Developer Hub,Tracking > Events,Tracking---Events,relay-subscriptions-and-in-app-purchases,true,3,,
b7eea018-074b-4ee3-8207-9b743e12b8cb,Track Branch Events,Developer Hub,Tracking > Events,Tracking---Events,track-branch-events,true,3,,
4d33e012-6313-4de4-888a-66ef34b33749,Oppo Pre-Install,Developer Hub,Tracking > Events > Pre-Install Analytics,Tracking---Events---Pre-Install-Analytics,oppo-pre-install,true,3,,
6407e441-2a2c-4001-bc37-dbb53c651794,Pre-Install Analytics Overview,Developer Hub,Tracking > Events > Pre-Install Analytics,Tracking---Events---Pre-Install-Analytics,pre-install-analytics,true,3,,
ade0a5d7-3266-45a7-9804-3c124afd2f72,Vivo Pre-Install,Developer Hub,Tracking > Events > Pre-Install Analytics,Tracking---Events---Pre-Install-Analytics,vivo-pre-install,true,3,,
f0a0a774-b15b-4cf6-889e-d04464fc4aa9,Xiaomi Pre-Install,Developer Hub,Tracking > Events > Pre-Install Analytics,Tracking---Events---Pre-Install-Analytics,xiaomi-pre-install,true,3,,
44b57d9e-bdc0-4f6a-b84d-2a45446358cf,GTM Android Setup,Developer Hub,Tracking > Google Tag Manager,Tracking---Google-Tag-Manager,gtm-android,true,3,,
100d560a-e674-4394-b271-107692559ab8,GTM iOS Setup,Developer Hub,Tracking > Google Tag Manager,Tracking---Google-Tag-Manager,gtm-ios,true,3,,
407cddfa-a5ba-40fa-ab33-1043c27b8659,GTM Overview,Developer Hub,Tracking > Google Tag Manager,Tracking---Google-Tag-Manager,google-tag-manager,true,3,,
6719ba1d-be9b-4169-aa49-c715eadf3cd6,GTM Web Setup,Developer Hub,Tracking > Google Tag Manager,Tracking---Google-Tag-Manager,gtm-web,true,3,,
61a9b82f-bdd5-4cc9-9ca3-7a17807522dc,Add & Manage Users,Account Hub,User Accounts and Permissions,User-Accounts-and-Permissions,add-manage-users,true,3,,
a62de908-2a95-4a24-9421-d7026baf7a13,"Default Access Levels, Users Roles & Permissions",Account Hub,User Accounts and Permissions,User-Accounts-and-Permissions,default-access-levels-users-roles-permissions,true,3,,
55754f39-a840-4225-8202-5f245f23692e,"Entity Views, Roles & Access Levels Overview",Account Hub,User Accounts and Permissions,User-Accounts-and-Permissions,entity-views-roles-access-levels-overview,true,3,,
eabd9050-e002-415d-8d8d-0aab5ef66dc5,Manage Account Profile,Account Hub,User Accounts and Permissions,User-Accounts-and-Permissions,profile-settings,true,3,,
96df0a29-22e4-45aa-b574-4848c24f5118,Manage User Profile,Account Hub,User Accounts and Permissions,User-Accounts-and-Permissions,manage-user-profile,true,3,,
a72da887-3eb0-434a-9702-b1d5a5dae855,Add & Manage Agency Users,Account Hub,User Accounts and Permissions > Agency Users,User-Accounts-and-Permissions---Agency-Users,add-agency-users,true,3,,
6494d9c0-8007-4108-97df-d546ebdca769,Grant an Agency Access,Account Hub,User Accounts and Permissions > Agency Users,User-Accounts-and-Permissions---Agency-Users,grant-an-agency-access,true,3,,
e9425620-2aa6-4270-9648-983199d02b94,Manage Agency Profile,Account Hub,User Accounts and Permissions > Agency Users,User-Accounts-and-Permissions---Agency-Users,agency-profile,true,3,,
306a3a9a-401d-45e1-9e82-7ed5e6e5b272,Manage Agency User Profile,Account Hub,User Accounts and Permissions > Agency Users,User-Accounts-and-Permissions---Agency-Users,agency-user-profile,true,3,,